0,0,0,30.594
-11.039999961853,0,0,37.109
-11.039999961853,0,0,38.573
-10.8000001907349,0,0,40.113
-10.8000001907349,0,0,43.2
-10.8000001907349,0,0,44.723
-10.8000001907349,0,0,45.915
-10.8000001907349,0,0,47.095
-10.8000001907349,0,0,48.27
-10.8000001907349,0,0,49.447
-10.8000001907349,0,0,50.624
-10.8000001907349,0,0,51.8
-10.8000001907349,0,0,53.001
-10.8000001907349,0,0,54.175
-10.8000001907349,0,0,55.349
-10.8000001907349,0,0,56.527
-10.8000001907349,0,0,57.7
-10.8000001907349,0,0,58.876
-10.8000001907349,0,0,60.05
-10.8000001907349,0,0,61.223
-10.8000001907349,0,0,62.421
-10.8000001907349,0,0,63.595
-10.8000001907349,0,0,64.77
-10.8000001907349,0,0,65.944
-10.8000001907349,0,0,67.119
-10.8000001907349,0,0,68.293
-10.8000001907349,0,0,69.466
-9.60000038146973,0,0,70.649
-9.60000038146973,0,0,71.823
-9.60000038146973,0,0,73.003
-9.60000038146973,0,0,74.177
-9.60000038146973,0,0,75.372
-9.60000038146973,0,0,76.555
-9.60000038146973,0,0,77.748
-9.60000038146973,0,0,78.951
-9.60000038146973,0,0,80.124
-9.60000038146973,0,0,81.294
-9.60000038146973,0,0,82.472
-9.60000038146973,0,0,83.644
-9.60000038146973,0,0,84.816
-9.60000038146973,0,0,86.01
-7.92000007629395,0,0,87.21
-7.92000007629395,0,0,88.382
-7.92000007629395,0,0,89.553
-7.92000007629395,0,0,90.735
-7.92000007629395,0,0,91.91
-7.92000007629395,0,0,93.082
-7.92000007629395,0,0,94.282
-7.92000007629395,0,0,95.457
-7.92000007629395,0,0,96.651
-7.92000007629395,0,0,97.822
-7.92000007629395,0,0,99.001
-7.92000007629395,0,0,100.175
-7.92000007629395,0,0,101.363
-7.92000007629395,0,0,102.55
-5.28000020980835,0,0,103.726
-5.28000020980835,0,0,104.898
-5.28000020980835,0,0,106.072
-5.28000020980835,0,0,107.248
-5.28000020980835,0,0,108.421
-5.28000020980835,0,0,109.592
-5.28000020980835,0,0,110.787
-5.28000020980835,0,0,111.983
-5.28000020980835,0,0,113.156
-5.28000020980835,0,0,114.342
-5.28000020980835,0,0,115.514
-5.28000020980835,0,0,116.723
-5.28000020980835,0,0,117.916
-2.40000009536743,0,0,119.13
-2.40000009536743,0,0,120.354
-2.40000009536743,0,0,121.547
-2.40000009536743,0,0,122.726
-2.40000009536743,0,0,123.9
-2.40000009536743,0,0,125.093
-2.40000009536743,0,0,126.306
-2.40000009536743,0,0,127.482
-2.40000009536743,0,0,128.657
-2.40000009536743,0,0,129.832
-2.40000009536743,0,0,131.014
-2.40000009536743,0,0,132.192
-2.40000009536743,0,0,133.365
-2.40000009536743,0,0,134.548
0.959999978542328,0,0,135.728
0.959999978542328,0,0,136.901
0.959999978542328,0,0,138.074
0.959999978542328,0,0,139.248
0.959999978542328,0,0,140.426
0.959999978542328,0,0,141.598
0.959999978542328,0,0,142.774
0.959999978542328,0,0,143.944
0.959999978542328,0,0,145.117
0.959999978542328,0,0,146.32
0.959999978542328,0,0,147.494
0.959999978542328,0,0,148.666
0.959999978542328,0,0,149.853
4.32000017166138,0,0,151.029
4.32000017166138,0,0,152.22
4.32000017166138,0,0,153.392
4.32000017166138,0,0,154.567
4.32000017166138,0,0,155.737
4.32000017166138,0,0,156.908
4.32000017166138,0,0,158.078
4.32000017166138,0,0,159.251
4.32000017166138,0,0,160.422
4.32000017166138,0,0,161.592
4.32000017166138,0,0,162.766
4.32000017166138,0,0,163.938
4.32000017166138,0,0,165.108
4.32000017166138,0,0,166.307
7.44000005722046,0,0,167.5
7.44000005722046,0,0,168.69
7.44000005722046,0,0,169.862
7.44000005722046,0,0,171.036
7.44000005722046,0,0,172.23
7.44000005722046,0,0,173.416
7.44000005722046,0,0,174.589
7.44000005722046,0,0,175.76
7.44000005722046,0,0,176.935
7.44000005722046,0,0,178.106
7.44000005722046,0,0,179.279
7.44000005722046,0,0,180.449
7.44000005722046,0,0,181.619
10.8000001907349,0,0,182.793
10.8000001907349,0,0,183.975
10.8000001907349,0,0,185.145
10.8000001907349,0,0,186.341
10.8000001907349,0,0,187.517
10.8000001907349,0,0,188.735
10.8000001907349,0,0,189.912
10.8000001907349,0,0,191.095
10.8000001907349,0,0,192.264
10.8000001907349,0,0,193.436
10.8000001907349,0,0,194.606
10.8000001907349,0,0,195.777
10.8000001907349,0,0,196.984
10.8000001907349,0,0,198.155
14.3999996185303,0,0,199.327
14.3999996185303,0,0,200.504
14.3999996185303,0,0,201.675
14.3999996185303,0,0,202.844
14.3999996185303,0,0,204.017
14.3999996185303,0,0,205.187
14.3999996185303,0,0,206.392
14.3999996185303,0,0,207.562
14.3999996185303,0,0,208.731
14.3999996185303,0,0,209.9
14.3999996185303,0,0,211.072
14.3999996185303,0,0,212.241
14.3999996185303,0,0,213.426
17.5200004577637,0,0,214.596
17.5200004577637,0,0,215.764
17.5200004577637,0,0,216.933
17.5200004577637,0,0,218.102
17.5200004577637,0,0,219.272
17.5200004577637,0,0,220.444
17.5200004577637,0,0,221.624
17.5200004577637,0,0,222.795
17.5200004577637,0,0,223.964
17.5200004577637,0,0,225.133
17.5200004577637,0,0,226.328
17.5200004577637,0,0,227.518
17.5200004577637,0,0,228.688
17.5200004577637,0,0,229.858
20.3999996185303,0,0,231.026
20.3999996185303,0,0,232.211
20.3999996185303,0,0,233.379
20.3999996185303,0,0,234.547
20.3999996185303,0,0,235.719
20.3999996185303,0,0,236.887
20.3999996185303,0,0,238.056
20.3999996185303,0,0,239.225
20.3999996185303,0,0,240.393
20.3999996185303,0,0,241.56
20.3999996185303,0,0,242.731
20.3999996185303,0,0,243.901
20.3999996185303,0,0,245.084
20.3999996185303,0,0,246.28
24,0,0,247.45
24,0,0,248.617
24,0,0,249.786
24,0,0,250.954
24,0,0,252.121
24,0,0,253.29
24,0,0,254.462
24,0,0,255.631
24,0,0,256.8
24,0,0,257.985
24,0,0,259.154
24,0,0,260.323
24,0,0,261.492
27.6000003814697,0,0,262.662
27.6000003814697,0,0,263.831
27.6000003814697,0,0,264.999
27.6000003814697,0,0,266.165
27.6000003814697,0,0,267.336
27.6000003814697,0,0,268.52
27.6000003814697,0,0,269.689
27.6000003814697,0,0,270.859
27.6000003814697,0,0,272.028
27.6000003814697,0,0,273.196
27.6000003814697,0,0,274.397
27.6000003814697,0,0,275.566
27.6000003814697,0,0,276.735
27.6000003814697,0,0,277.904
30.4799995422363,0,0,279.075
30.4799995422363,0,0,280.267
30.4799995422363,0,0,281.437
30.4799995422363,0,0,282.607
30.4799995422363,0,0,283.777
30.4799995422363,0,0,284.945
30.4799995422363,0,0,286.137
30.4799995422363,0,0,287.309
30.4799995422363,0,0,288.478
30.4799995422363,0,0,289.646
30.4799995422363,0,0,290.816
30.4799995422363,0,0,291.985
30.4799995422363,0,0,293.163
30.4799995422363,0,0,294.344
33.5999984741211,0,0,295.514
33.5999984741211,0,0,296.684
33.5999984741211,0,0,297.854
33.5999984741211,0,0,299.043
33.5999984741211,0,0,300.229
33.5999984741211,0,0,301.397
33.5999984741211,0,0,302.602
33.5999984741211,0,0,303.771
33.5999984741211,0,0,304.94
33.5999984741211,0,0,306.109
33.5999984741211,0,0,307.277
33.5999984741211,0,0,308.445
33.5999984741211,0,0,309.614
36.7200012207031,0,0,310.788
36.7200012207031,0,0,311.96
36.7200012207031,0,0,313.128
36.7200012207031,0,0,314.324
36.7200012207031,0,0,315.494
36.7200012207031,0,0,316.675
36.7200012207031,0,0,317.848
36.7200012207031,0,0,319.018
36.7200012207031,0,0,320.195
36.7200012207031,0,0,321.365
36.7200012207031,0,0,322.533
36.7200012207031,0,0,323.704
36.7200012207031,0,0,324.894
36.7200012207031,0,0,326.064
39.1199989318848,0,0,327.236
39.1199989318848,0,0,328.408
39.1199989318848,0,0,329.576
39.1199989318848,0,0,330.747
39.1199989318848,0,0,331.92
39.1199989318848,0,0,333.089
39.1199989318848,0,0,334.285
39.1199989318848,0,0,335.455
39.1199989318848,0,0,336.626
39.1199989318848,0,0,337.796
39.1199989318848,0,0,338.966
39.1199989318848,0,0,340.157
39.1199989318848,0,0,341.325
39.1199989318848,0,0,342.506
42.4799995422363,0,0,343.674
42.4799995422363,0,0,344.845
42.4799995422363,0,0,346.015
42.4799995422363,0,0,347.185
42.4799995422363,0,0,348.362
42.4799995422363,0,0,349.531
42.4799995422363,0,0,350.701
42.4799995422363,0,0,351.871
42.4799995422363,0,0,353.039
42.4799995422363,0,0,354.212
42.4799995422363,0,0,355.381
42.4799995422363,0,0,356.551
42.4799995422363,0,0,357.72
42.4799995422363,0,0,358.89
42.4799995422363,0,0,360.058
44.8800010681152,0,0,361.228
44.8800010681152,0,0,362.409
44.8800010681152,0,0,363.586
44.8800010681152,0,0,364.759
44.8800010681152,0,0,365.929
44.8800010681152,0,0,367.1
44.8800010681152,0,0,368.269
44.8800010681152,0,0,369.439
44.8800010681152,0,0,370.609
44.8800010681152,0,0,371.779
44.8800010681152,0,0,372.947
44.8800010681152,0,0,374.118
47.7599983215332,0,0,375.287
47.7599983215332,0,0,376.458
47.7599983215332,0,0,377.627
47.7599983215332,0,0,378.796
47.7599983215332,0,0,379.966
47.7599983215332,0,0,381.135
47.7599983215332,0,0,382.321
47.7599983215332,0,0,383.49
47.7599983215332,0,0,384.66
47.7599983215332,0,0,385.827
47.7599983215332,0,0,387
47.7599983215332,0,0,388.178
47.7599983215332,0,0,389.349
47.7599983215332,0,0,390.521
47.7599983215332,0,0,391.691
49.439998626709,0,0,392.861
49.439998626709,0,0,394.029
49.439998626709,0,0,395.198
49.439998626709,0,0,396.376
49.439998626709,0,0,397.546
49.439998626709,0,0,398.717
49.439998626709,0,0,399.886
49.439998626709,0,0,401.057
49.439998626709,0,0,402.228
49.439998626709,0,0,403.399
49.439998626709,0,0,404.576
49.439998626709,0,0,405.745
49.439998626709,0,0,406.915
49.439998626709,0,0,408.084
50.8800010681152,0,0,409.253
50.8800010681152,0,0,410.432
50.8800010681152,0,0,411.61
50.8800010681152,0,0,412.781
50.8800010681152,0,0,413.95
50.8800010681152,0,0,415.123
50.8800010681152,0,0,416.292
50.8800010681152,0,0,417.46
50.8800010681152,0,0,418.629
50.8800010681152,0,0,419.799
50.8800010681152,0,0,420.969
50.8800010681152,0,0,422.139
50.8800010681152,0,0,423.308
50.8800010681152,0,0,424.484
52.0800018310547,0,0,425.651
52.0800018310547,0,0,426.821
52.0800018310547,0,0,427.99
52.0800018310547,0,0,429.159
52.0800018310547,0,0,430.344
52.0800018310547,0,0,431.513
52.0800018310547,0,0,432.684
52.0800018310547,0,0,433.851
52.0800018310547,0,0,435.03
52.0800018310547,0,0,436.2
52.0800018310547,0,0,437.369
52.0800018310547,0,0,438.538
52.0800018310547,0,0,439.709
52.3199996948242,0,0,440.876
52.3199996948242,0,0,442.046
52.3199996948242,0,0,443.217
52.3199996948242,0,0,444.394
52.3199996948242,0,0,445.562
52.3199996948242,0,0,446.733
52.3199996948242,0,0,447.902
52.3199996948242,0,0,449.071
52.3199996948242,0,0,450.242
52.3199996948242,0,0,451.412
52.3199996948242,0,0,452.587
52.3199996948242,0,0,453.756
52.3199996948242,0,0,454.925
52.3199996948242,0,0,456.094
52.7999992370605,0,0,457.263
52.7999992370605,0,0,458.45
52.7999992370605,0,0,459.628
52.7999992370605,0,0,460.797
52.7999992370605,0,0,461.967
52.7999992370605,0,0,463.136
52.7999992370605,0,0,464.305
52.7999992370605,0,0,465.472
52.7999992370605,0,0,466.65
52.7999992370605,0,0,467.82
52.7999992370605,0,0,468.988
52.7999992370605,0,0,470.156
52.7999992370605,0,0,471.325
52.7999992370605,0,0,472.493
52.7999992370605,0,0,473.662
52.7999992370605,0,0,474.832
52.7999992370605,0,0,476.003
52.7999992370605,0,0,477.173
52.7999992370605,0,0,478.356
52.7999992370605,0,0,479.526
52.7999992370605,0,0,480.697
52.7999992370605,0,0,481.867
52.7999992370605,0,0,483.049
52.7999992370605,0,0,484.219
52.7999992370605,0,0,485.388
52.7999992370605,0,0,486.563
52.7999992370605,0,0,487.734
52.7999992370605,0,0,488.905
52.7999992370605,0,0,490.073
52.7999992370605,0,0,491.244
52.7999992370605,0,0,492.417
52.7999992370605,0,0,493.587
52.7999992370605,0,0,494.757
52.7999992370605,0,0,495.928
52.7999992370605,0,0,497.097
52.7999992370605,0,0,498.274
52.7999992370605,0,0,499.445
52.7999992370605,0,0,500.615
52.7999992370605,0,0,501.784
52.7999992370605,0,0,502.955
52.7999992370605,0,0,504.123
53.0400009155273,0,0,505.293
53.0400009155273,0,0,506.489
53.0400009155273,0,0,507.664
53.0400009155273,0,0,508.834
53.0400009155273,0,0,510.005
53.0400009155273,0,0,511.177
53.0400009155273,0,0,512.348
53.0400009155273,0,0,513.52
53.0400009155273,0,0,514.692
53.0400009155273,0,0,515.862
53.0400009155273,0,0,517.031
53.0400009155273,0,0,518.203
53.0400009155273,0,0,519.373
52.7999992370605,0,0,520.545
52.7999992370605,0,0,521.714
52.7999992370605,0,0,522.885
52.7999992370605,0,0,524.054
52.7999992370605,0,0,525.224
52.7999992370605,0,0,526.411
52.7999992370605,0,0,527.588
52.7999992370605,0,0,528.758
52.7999992370605,0,0,529.928
52.7999992370605,0,0,531.106
52.7999992370605,0,0,532.278
52.7999992370605,0,0,533.447
52.7999992370605,0,0,534.62
52.7999992370605,0,0,535.791
52.0800018310547,0,0,536.96
52.0800018310547,0,0,538.13
52.0800018310547,0,0,539.299
52.0800018310547,0,0,540.472
52.0800018310547,0,0,541.645
52.0800018310547,0,0,542.815
52.0800018310547,0,0,543.984
52.0800018310547,0,0,545.152
52.0800018310547,0,0,546.326
52.0800018310547,0,0,547.495
52.0800018310547,0,0,548.665
52.0800018310547,0,0,549.834
52.0800018310547,0,0,551.004
52.0800018310547,0,0,552.172
52.0800018310547,0,0,553.341
52.0800018310547,0,0,554.52
52.0800018310547,0,0,555.689
52.0800018310547,0,0,556.858
52.0800018310547,0,0,558.027
52.0800018310547,0,0,559.197
52.0800018310547,0,0,560.369
52.0800018310547,0,0,561.539
52.0800018310547,0,0,562.71
52.0800018310547,0,0,563.879
52.0800018310547,0,0,565.048
52.0800018310547,0,0,566.22
52.0800018310547,0,0,567.389
52.0800018310547,0,0,568.562
51.8400001525879,0,0,569.732
51.8400001525879,0,0,570.903
51.8400001525879,0,0,572.072
51.8400001525879,0,0,573.24
51.8400001525879,0,0,574.411
51.8400001525879,0,0,575.58
51.8400001525879,0,0,576.75
51.8400001525879,0,0,577.925
51.8400001525879,0,0,579.095
51.8400001525879,0,0,580.263
51.8400001525879,0,0,581.432
51.8400001525879,0,0,582.601
51.8400001525879,0,0,583.768
51.3600006103516,0,0,589.418
51.3600006103516,0,0,590.669
51.3600006103516,0,0,591.85
51.3600006103516,0,0,593.023
51.3600006103516,0,0,594.198
51.3600006103516,0,0,595.37
51.3600006103516,0,0,596.543
51.3600006103516,0,0,597.715
51.3600006103516,0,0,598.888
51.3600006103516,0,0,600.058
50.8800010681152,0,0,601.231
50.8800010681152,0,0,602.407
50.8800010681152,0,0,603.578
50.8800010681152,0,0,604.749
50.8800010681152,0,0,605.92
50.8800010681152,0,0,607.111
50.8800010681152,0,0,608.284
50.8800010681152,0,0,609.454
50.8800010681152,0,0,610.625
50.8800010681152,0,0,611.796
50.8800010681152,0,0,612.967
50.8800010681152,0,0,614.136
50.8800010681152,0,0,615.308
50.8800010681152,0,0,616.487
50.6399993896484,0,0,617.656
50.6399993896484,0,0,618.828
50.6399993896484,0,0,619.999
50.6399993896484,0,0,621.169
50.6399993896484,0,0,622.35
50.6399993896484,0,0,623.52
50.6399993896484,0,0,624.695
50.6399993896484,0,0,625.864
50.6399993896484,0,0,627.034
50.6399993896484,0,0,628.203
50.6399993896484,0,0,629.372
50.6399993896484,0,0,630.558
50.6399993896484,0,0,631.728
50.6399993896484,0,0,632.898
50.6399993896484,0,0,634.064
50.6399993896484,0,0,635.233
50.6399993896484,0,0,636.402
50.6399993896484,0,0,637.571
50.6399993896484,0,0,638.743
50.6399993896484,0,0,639.912
50.6399993896484,0,0,641.082
50.6399993896484,0,0,642.253
50.6399993896484,0,0,643.423
50.6399993896484,0,0,644.591
50.6399993896484,0,0,645.761
50.6399993896484,0,0,646.931
50.6399993896484,0,0,648.102
50.4000015258789,0,0,649.27
50.4000015258789,0,0,650.438
50.4000015258789,0,0,651.608
50.4000015258789,0,0,652.777
50.4000015258789,0,0,653.958
50.4000015258789,0,0,655.13
50.4000015258789,0,0,656.299
50.4000015258789,0,0,657.467
50.4000015258789,0,0,658.636
50.4000015258789,0,0,659.804
50.4000015258789,0,0,660.991
50.4000015258789,0,0,662.16
50.4000015258789,0,0,663.329
50.4000015258789,0,0,664.498
50.4000015258789,0,0,665.685
50.4000015258789,0,0,666.856
50.4000015258789,0,0,668.025
50.4000015258789,0,0,669.194
50.4000015258789,0,0,670.371
50.4000015258789,0,0,671.539
50.4000015258789,0,0,672.708
50.4000015258789,0,0,673.877
50.4000015258789,0,0,675.046
50.4000015258789,0,0,676.215
50.4000015258789,0,0,677.383
50.4000015258789,0,0,678.565
50.4000015258789,0,0,679.733
50.4000015258789,0,0,680.901
50.4000015258789,0,0,682.068
50.4000015258789,0,0,683.264
50.4000015258789,0,0,684.433
50.4000015258789,0,0,685.616
50.4000015258789,0,0,686.809
50.4000015258789,0,0,687.978
50.4000015258789,0,0,689.166
50.4000015258789,0,0,690.337
50.4000015258789,0,0,691.506
50.4000015258789,0,0,692.674
50.4000015258789,0,0,693.841
50.4000015258789,0,0,695.011
50.4000015258789,0,0,696.203
50.4000015258789,0,0,697.371
50.4000015258789,0,0,698.549
50.4000015258789,0,0,699.717
50.4000015258789,0,0,700.885
50.4000015258789,0,0,702.064
50.4000015258789,0,0,703.234
50.4000015258789,0,0,704.425
50.4000015258789,0,0,705.592
50.4000015258789,0,0,706.763
50.4000015258789,0,0,707.93
50.4000015258789,0,0,709.098
50.4000015258789,0,0,710.293
50.4000015258789,0,0,711.461
50.4000015258789,0,0,712.633
50.4000015258789,0,0,713.801
50.4000015258789,0,0,714.97
50.4000015258789,0,0,716.138
50.4000015258789,0,0,717.308
50.4000015258789,0,0,718.483
50.4000015258789,0,0,719.65
50.4000015258789,0,0,720.819
50.4000015258789,0,0,721.986
50.4000015258789,0,0,723.155
50.4000015258789,0,0,724.324
50.4000015258789,0,0,725.501
50.4000015258789,0,0,726.671
50.4000015258789,0,0,727.839
50.4000015258789,0,0,729.007
50.4000015258789,0,0,730.176
50.4000015258789,0,0,731.343
50.4000015258789,0,0,732.512
50.4000015258789,0,0,733.683
50.4000015258789,0,0,734.856
50.4000015258789,0,0,736.024
50.4000015258789,0,0,737.192
50.4000015258789,0,0,738.369
50.4000015258789,0,0,739.539
50.4000015258789,0,0,740.706
50.4000015258789,0,0,741.875
50.4000015258789,0,0,743.045
50.4000015258789,0,0,744.214
50.4000015258789,0,0,745.382
50.4000015258789,0,0,746.553
50.4000015258789,0,0,747.722
50.4000015258789,0,0,748.902
50.4000015258789,0,0,750.072
50.4000015258789,0,0,751.241
50.4000015258789,0,0,752.413
50.4000015258789,0,0,753.582
50.4000015258789,0,0,754.753
50.4000015258789,0,0,755.921
50.4000015258789,0,0,757.089
50.4000015258789,0,0,758.266
50.4000015258789,0,0,759.433
50.4000015258789,0,0,760.606
50.4000015258789,0,0,761.774
50.4000015258789,0,0,762.942
50.4000015258789,0,0,764.111
50.4000015258789,0,0,765.28
50.4000015258789,0,0,766.455
50.4000015258789,0,0,767.625
50.4000015258789,0,0,768.794
50.4000015258789,0,0,769.962
50.4000015258789,0,0,771.133
50.4000015258789,0,0,772.301
50.4000015258789,0,0,773.48
50.4000015258789,0,0,774.65
50.4000015258789,0,0,775.818
50.4000015258789,0,0,776.986
50.4000015258789,0,0,778.155
50.4000015258789,0,0,779.324
50.4000015258789,0,0,780.491
50.4000015258789,0,0,781.659
50.4000015258789,0,0,782.83
50.4000015258789,0,0,783.999
50.4000015258789,0,0,785.168
50.4000015258789,0,0,786.346
50.4000015258789,0,0,787.514
50.4000015258789,0,0,788.682
50.4000015258789,0,0,789.849
50.4000015258789,0,0,791.021
50.4000015258789,0,0,792.188
50.6399993896484,0,0,793.356
50.6399993896484,0,0,794.524
50.6399993896484,0,0,795.693
50.6399993896484,0,0,796.868
50.6399993896484,0,0,798.036
50.6399993896484,0,0,799.205
50.6399993896484,0,0,800.374
50.6399993896484,0,0,801.542
50.6399993896484,0,0,802.71
50.6399993896484,0,0,803.877
50.6399993896484,0,0,805.046
50.6399993896484,0,0,806.217
50.6399993896484,0,0,807.384
50.4000015258789,0,0,808.558
50.4000015258789,0,0,809.725
50.4000015258789,0,0,810.892
50.4000015258789,0,0,812.059
50.4000015258789,0,0,813.228
50.4000015258789,0,0,814.396
50.4000015258789,0,0,815.564
50.4000015258789,0,0,816.737
50.4000015258789,0,0,817.903
50.4000015258789,0,0,819.073
50.4000015258789,0,0,820.25
50.4000015258789,0,0,821.419
50.4000015258789,0,0,822.588
50.4000015258789,0,0,823.757
50.6399993896484,0,0,824.926
50.6399993896484,0,0,826.095
50.6399993896484,0,0,827.262
50.6399993896484,0,0,828.429
50.6399993896484,0,0,829.597
50.6399993896484,0,0,830.767
50.6399993896484,0,0,831.935
50.6399993896484,0,0,833.103
50.6399993896484,0,0,834.274
50.6399993896484,0,0,835.444
50.6399993896484,0,0,836.612
50.6399993896484,0,0,837.78
50.6399993896484,0,0,838.947
50.6399993896484,0,0,840.114
50.4000015258789,0,0,841.282
50.4000015258789,0,0,842.452
50.4000015258789,0,0,843.62
50.4000015258789,0,0,844.798
50.4000015258789,0,0,845.966
50.4000015258789,0,0,847.135
50.4000015258789,0,0,848.303
50.4000015258789,0,0,849.47
50.4000015258789,0,0,850.639
50.4000015258789,0,0,851.807
50.4000015258789,0,0,852.976
50.4000015258789,0,0,854.144
50.4000015258789,0,0,855.315
50.4000015258789,0,0,856.483
50.4000015258789,0,0,857.653
50.4000015258789,0,0,858.823
50.4000015258789,0,0,859.992
50.4000015258789,0,0,861.161
50.4000015258789,0,0,862.331
50.4000015258789,0,0,863.5
50.4000015258789,0,0,864.669
50.4000015258789,0,0,865.838
50.4000015258789,0,0,867.006
50.4000015258789,0,0,868.183
50.4000015258789,0,0,869.352
50.4000015258789,0,0,870.53
50.4000015258789,0,0,871.697
50.4000015258789,0,0,872.866
50.4000015258789,0,0,874.035
50.4000015258789,0,0,875.206
50.4000015258789,0,0,876.374
50.4000015258789,0,0,877.543
50.4000015258789,0,0,878.715
50.4000015258789,0,0,879.883
50.4000015258789,0,0,881.05
50.4000015258789,0,0,882.223
50.4000015258789,0,0,883.391
50.4000015258789,0,0,884.56
50.4000015258789,0,0,885.728
50.4000015258789,0,0,886.903
50.4000015258789,0,0,888.071
50.6399993896484,0,0,889.239
50.6399993896484,0,0,890.41
50.6399993896484,0,0,891.588
50.6399993896484,0,0,892.757
50.6399993896484,0,0,893.927
50.6399993896484,0,0,895.095
50.6399993896484,0,0,896.263
50.6399993896484,0,0,897.43
50.6399993896484,0,0,898.599
50.6399993896484,0,0,899.766
50.6399993896484,0,0,900.933
50.6399993896484,0,0,902.102
50.6399993896484,0,0,903.271
50.6399993896484,0,0,904.438
50.4000015258789,0,0,905.607
50.4000015258789,0,0,906.776
50.4000015258789,0,0,907.944
50.4000015258789,0,0,909.113
50.4000015258789,0,0,910.288
50.4000015258789,0,0,911.456
50.4000015258789,0,0,912.625
50.4000015258789,0,0,913.794
50.4000015258789,0,0,914.963
50.4000015258789,0,0,916.139
50.4000015258789,0,0,917.308
50.4000015258789,0,0,918.483
50.4000015258789,0,0,919.652
50.4000015258789,0,0,920.821
50.4000015258789,0,0,921.989
50.4000015258789,0,0,923.157
50.4000015258789,0,0,924.324
50.4000015258789,0,0,925.492
50.4000015258789,0,0,926.662
50.4000015258789,0,0,927.83
50.4000015258789,0,0,929
50.4000015258789,0,0,930.167
50.4000015258789,0,0,931.337
50.4000015258789,0,0,932.51
50.4000015258789,0,0,933.677
50.4000015258789,0,0,934.845
50.4000015258789,0,0,936.014
50.4000015258789,0,0,937.181
50.4000015258789,0,0,938.361
50.4000015258789,0,0,939.538
50.4000015258789,0,0,940.709
50.4000015258789,0,0,941.875
50.4000015258789,0,0,943.043
50.4000015258789,0,0,944.212
50.4000015258789,0,0,945.38
50.4000015258789,0,0,946.548
50.4000015258789,0,0,947.715
50.4000015258789,0,0,948.884
50.4000015258789,0,0,950.052
50.4000015258789,0,0,951.222
50.4000015258789,0,0,952.393
50.4000015258789,0,0,953.561
50.4000015258789,0,0,954.731
50.4000015258789,0,0,955.898
50.4000015258789,0,0,957.066
50.4000015258789,0,0,958.236
50.4000015258789,0,0,959.404
50.4000015258789,0,0,960.572
50.4000015258789,0,0,961.739
50.4000015258789,0,0,962.917
50.4000015258789,0,0,964.086
50.4000015258789,0,0,965.253
50.4000015258789,0,0,966.424
50.4000015258789,0,0,967.591
50.4000015258789,0,0,968.759
50.4000015258789,0,0,969.928
50.4000015258789,0,0,971.097
50.4000015258789,0,0,972.265
50.4000015258789,0,0,973.433
50.4000015258789,0,0,974.602
50.4000015258789,0,0,975.772
50.4000015258789,0,0,976.939
50.4000015258789,0,0,978.106
50.4000015258789,0,0,979.274
50.4000015258789,0,0,980.446
50.4000015258789,0,0,981.615
50.4000015258789,0,0,982.785
50.4000015258789,0,0,983.954
50.4000015258789,0,0,985.121
50.4000015258789,0,0,986.297
50.4000015258789,0,0,987.474
50.4000015258789,0,0,988.649
50.4000015258789,0,0,989.817
50.4000015258789,0,0,990.986
50.4000015258789,0,0,992.153
50.4000015258789,0,0,993.321
50.4000015258789,0,0,994.491
50.4000015258789,0,0,995.66
50.4000015258789,0,0,996.829
50.4000015258789,0,0,997.997
50.4000015258789,0,0,999.165
50.4000015258789,0,0,1000.334
50.4000015258789,0,0,1001.502
50.4000015258789,0,0,1002.672
50.4000015258789,0,0,1003.839
50.4000015258789,0,0,1005.02
50.4000015258789,0,0,1006.19
50.4000015258789,0,0,1007.36
50.4000015258789,0,0,1008.528
50.4000015258789,0,0,1009.695
50.4000015258789,0,0,1010.871
50.4000015258789,0,0,1012.04
50.4000015258789,0,0,1013.21
50.4000015258789,0,0,1014.39
50.4000015258789,0,0,1015.557
50.4000015258789,0,0,1016.724
50.4000015258789,0,0,1017.892
50.4000015258789,0,0,1019.061
50.4000015258789,0,0,1020.229
50.4000015258789,0,0,1021.401
50.4000015258789,0,0,1022.572
50.4000015258789,0,0,1023.74
50.4000015258789,0,0,1024.91
50.4000015258789,0,0,1026.093
50.4000015258789,0,0,1027.271
50.4000015258789,0,0,1028.443
50.4000015258789,0,0,1029.612
50.4000015258789,0,0,1030.783
50.4000015258789,0,0,1031.955
50.4000015258789,0,0,1033.125
50.4000015258789,0,0,1034.319
50.4000015258789,0,0,1035.493
50.4000015258789,0,0,1036.664
50.4000015258789,0,0,1037.833
50.4000015258789,0,0,1039.006
50.4000015258789,0,0,1040.176
50.4000015258789,0,0,1041.345
50.4000015258789,0,0,1042.522
50.4000015258789,0,0,1043.694
50.4000015258789,0,0,1044.865
50.4000015258789,0,0,1046.034
50.4000015258789,0,0,1047.204
50.4000015258789,0,0,1048.375
50.4000015258789,0,0,1049.545
50.4000015258789,0,0,1050.719
50.4000015258789,0,0,1051.888
50.4000015258789,0,0,1053.057
50.4000015258789,0,0,1054.229
50.4000015258789,0,0,1055.399
50.4000015258789,0,0,1056.568
50.4000015258789,0,0,1057.738
50.4000015258789,0,0,1058.919
50.4000015258789,0,0,1060.09
50.4000015258789,0,0,1061.258
50.4000015258789,0,0,1062.427
50.4000015258789,0,0,1063.596
50.4000015258789,0,0,1064.765
50.4000015258789,0,0,1065.933
50.4000015258789,0,0,1067.103
50.4000015258789,0,0,1068.272
50.4000015258789,0,0,1069.441
50.4000015258789,0,0,1070.611
50.4000015258789,0,0,1071.78
50.4000015258789,0,0,1072.951
50.4000015258789,0,0,1074.121
50.4000015258789,0,0,1075.292
50.4000015258789,0,0,1076.462
50.4000015258789,0,0,1077.631
50.4000015258789,0,0,1078.802
50.4000015258789,0,0,1079.974
50.4000015258789,0,0,1081.144
50.4000015258789,0,0,1082.333
50.4000015258789,0,0,1083.503
50.4000015258789,0,0,1084.673
50.4000015258789,0,0,1085.842
50.4000015258789,0,0,1087.013
50.4000015258789,0,0,1088.182
50.4000015258789,0,0,1089.352
50.4000015258789,0,0,1090.522
50.4000015258789,0,0,1091.691
50.4000015258789,0,0,1092.86
50.4000015258789,0,0,1094.03
50.4000015258789,0,0,1095.201
50.4000015258789,0,0,1096.372
50.4000015258789,0,0,1097.54
50.4000015258789,0,0,1098.708
50.4000015258789,0,0,1099.877
50.4000015258789,0,0,1101.046
50.4000015258789,0,0,1102.215
50.4000015258789,0,0,1103.384
50.4000015258789,0,0,1104.553
50.4000015258789,0,0,1105.731
50.4000015258789,0,0,1106.9
50.4000015258789,0,0,1108.068
50.4000015258789,0,0,1109.238
50.4000015258789,0,0,1110.408
50.4000015258789,0,0,1111.578
50.4000015258789,0,0,1112.746
50.4000015258789,0,0,1113.915
50.4000015258789,0,0,1115.086
50.4000015258789,0,0,1116.255
50.4000015258789,0,0,1117.426
50.4000015258789,0,0,1118.596
50.4000015258789,0,0,1119.765
50.4000015258789,0,0,1120.935
50.4000015258789,0,0,1122.105
50.4000015258789,0,0,1123.274
50.4000015258789,0,0,1124.444
50.4000015258789,0,0,1125.612
50.4000015258789,0,0,1126.783
50.4000015258789,0,0,1127.954
50.4000015258789,0,0,1129.129
50.4000015258789,0,0,1130.307
50.4000015258789,0,0,1131.475
50.4000015258789,0,0,1132.643
50.4000015258789,0,0,1133.812
50.4000015258789,0,0,1134.981
50.4000015258789,0,0,1136.15
50.4000015258789,0,0,1137.317
50.4000015258789,0,0,1138.489
50.4000015258789,0,0,1139.658
50.4000015258789,0,0,1140.826
50.4000015258789,0,0,1141.995
50.4000015258789,0,0,1143.163
50.4000015258789,0,0,1144.332
50.4000015258789,0,0,1145.499
50.4000015258789,0,0,1146.668
50.4000015258789,0,0,1147.836
50.4000015258789,0,0,1149.006
50.4000015258789,0,0,1150.174
50.4000015258789,0,0,1151.344
50.4000015258789,0,0,1152.512
50.4000015258789,0,0,1153.69
50.4000015258789,0,0,1154.862
50.4000015258789,0,0,1156.031
50.4000015258789,0,0,1157.201
50.4000015258789,0,0,1158.38
50.4000015258789,0,0,1159.548
50.4000015258789,0,0,1160.716
50.4000015258789,0,0,1161.884
50.4000015258789,0,0,1163.054
50.4000015258789,0,0,1164.224
50.4000015258789,0,0,1165.393
50.4000015258789,0,0,1166.562
50.4000015258789,0,0,1167.731
50.4000015258789,0,0,1168.899
50.4000015258789,0,0,1170.065
50.4000015258789,0,0,1171.235
50.4000015258789,0,0,1172.403
50.4000015258789,0,0,1173.569
50.4000015258789,0,0,1174.739
50.4000015258789,0,0,1175.907
50.4000015258789,0,0,1177.082
50.4000015258789,0,0,1178.253
50.6399993896484,0,0,1179.422
50.6399993896484,0,0,1180.593
50.6399993896484,0,0,1181.762
50.6399993896484,0,0,1182.93
50.6399993896484,0,0,1184.099
50.6399993896484,0,0,1185.267
50.6399993896484,0,0,1186.44
50.6399993896484,0,0,1187.609
50.6399993896484,0,0,1188.78
50.6399993896484,0,0,1189.949
50.6399993896484,0,0,1191.118
50.6399993896484,0,0,1192.286
50.6399993896484,0,0,1193.454
50.4000015258789,0,0,1194.623
50.4000015258789,0,0,1195.791
50.4000015258789,0,0,1196.96
50.4000015258789,0,0,1198.128
50.4000015258789,0,0,1199.298
50.4000015258789,0,0,1200.476
50.4000015258789,0,0,1201.644
50.4000015258789,0,0,1202.811
50.4000015258789,0,0,1203.979
50.4000015258789,0,0,1205.147
50.4000015258789,0,0,1206.324
50.4000015258789,0,0,1207.492
50.4000015258789,0,0,1208.661
50.4000015258789,0,0,1209.827
50.4000015258789,0,0,1210.997
50.4000015258789,0,0,1212.167
50.4000015258789,0,0,1213.364
50.4000015258789,0,0,1214.534
50.4000015258789,0,0,1215.725
50.4000015258789,0,0,1216.906
50.4000015258789,0,0,1218.076
50.4000015258789,0,0,1219.362
50.4000015258789,0,0,1220.562
50.4000015258789,0,0,1221.752
50.4000015258789,0,0,1222.942
50.4000015258789,0,0,1224.129
50.4000015258789,0,0,1225.327
50.4000015258789,0,0,1226.513
50.4000015258789,0,0,1227.699
50.4000015258789,0,0,1228.883
50.4000015258789,0,0,1230.07
50.4000015258789,0,0,1231.253
50.4000015258789,0,0,1232.44
50.4000015258789,0,0,1233.623
50.4000015258789,0,0,1234.813
50.4000015258789,0,0,1235.996
50.4000015258789,0,0,1237.188
50.4000015258789,0,0,1238.371
50.4000015258789,0,0,1239.561
50.4000015258789,0,0,1240.748
50.4000015258789,0,0,1241.931
50.4000015258789,0,0,1243.12
50.4000015258789,0,0,1244.303
50.4000015258789,0,0,1245.49
50.4000015258789,0,0,1246.674
50.4000015258789,0,0,1247.856
50.4000015258789,0,0,1249.05
50.4000015258789,0,0,1250.237
50.4000015258789,0,0,1251.425
50.4000015258789,0,0,1252.611
50.4000015258789,0,0,1253.793
50.4000015258789,0,0,1254.97
50.4000015258789,0,0,1256.147
50.4000015258789,0,0,1257.315
50.4000015258789,0,0,1258.5
50.4000015258789,0,0,1259.676
50.4000015258789,0,0,1260.847
50.4000015258789,0,0,1262.017
50.4000015258789,0,0,1263.188
50.4000015258789,0,0,1264.357
50.4000015258789,0,0,1265.527
50.4000015258789,0,0,1266.7
50.4000015258789,0,0,1267.87
50.4000015258789,0,0,1269.041
50.4000015258789,0,0,1270.211
50.4000015258789,0,0,1271.38
50.4000015258789,0,0,1272.559
50.4000015258789,0,0,1273.729
50.4000015258789,0,0,1274.897
50.4000015258789,0,0,1276.066
50.4000015258789,0,0,1277.235
50.4000015258789,0,0,1278.422
50.4000015258789,0,0,1279.59
50.4000015258789,0,0,1280.758
50.4000015258789,0,0,1281.926
50.4000015258789,0,0,1283.095
50.4000015258789,0,0,1284.262
50.4000015258789,0,0,1285.431
50.4000015258789,0,0,1286.599
50.4000015258789,0,0,1287.767
50.4000015258789,0,0,1288.934
50.4000015258789,0,0,1290.101
50.4000015258789,0,0,1291.269
50.4000015258789,0,0,1292.436
50.4000015258789,0,0,1293.605
50.4000015258789,0,0,1294.775
50.4000015258789,0,0,1295.943
50.4000015258789,0,0,1297.121
50.4000015258789,0,0,1298.296
50.4000015258789,0,0,1299.464
50.4000015258789,0,0,1300.632
50.4000015258789,0,0,1301.798
50.4000015258789,0,0,1302.965
50.4000015258789,0,0,1304.131
50.4000015258789,0,0,1305.299
50.4000015258789,0,0,1306.471
50.4000015258789,0,0,1307.64
50.4000015258789,0,0,1308.807
50.4000015258789,0,0,1309.976
50.4000015258789,0,0,1311.144
50.4000015258789,0,0,1312.317
50.4000015258789,0,0,1313.485
50.4000015258789,0,0,1314.652
50.4000015258789,0,0,1315.82
50.4000015258789,0,0,1316.988
50.4000015258789,0,0,1318.154
50.4000015258789,0,0,1319.321
50.4000015258789,0,0,1320.505
50.4000015258789,0,0,1321.673
50.4000015258789,0,0,1322.843
50.4000015258789,0,0,1324.012
50.4000015258789,0,0,1325.179
50.4000015258789,0,0,1326.355
50.4000015258789,0,0,1327.522
50.4000015258789,0,0,1328.688
50.4000015258789,0,0,1329.855
50.4000015258789,0,0,1331.023
50.4000015258789,0,0,1332.19
50.4000015258789,0,0,1333.357
50.4000015258789,0,0,1334.527
50.4000015258789,0,0,1335.693
50.4000015258789,0,0,1336.859
50.4000015258789,0,0,1338.025
50.4000015258789,0,0,1339.191
50.4000015258789,0,0,1340.359
50.4000015258789,0,0,1341.525
50.4000015258789,0,0,1342.692
50.4000015258789,0,0,1343.866
50.4000015258789,0,0,1345.032
50.4000015258789,0,0,1346.2
50.4000015258789,0,0,1347.366
50.4000015258789,0,0,1348.533
50.4000015258789,0,0,1349.699
50.4000015258789,0,0,1350.865
50.4000015258789,0,0,1352.032
50.4000015258789,0,0,1353.197
50.4000015258789,0,0,1354.374
50.4000015258789,0,0,1355.542
50.4000015258789,0,0,1356.708
50.4000015258789,0,0,1357.875
50.4000015258789,0,0,1359.042
50.4000015258789,0,0,1360.21
50.4000015258789,0,0,1361.378
50.4000015258789,0,0,1362.544
50.4000015258789,0,0,1363.711
50.4000015258789,0,0,1364.878
50.4000015258789,0,0,1366.045
50.4000015258789,0,0,1367.212
50.4000015258789,0,0,1368.386
50.4000015258789,0,0,1369.552
50.4000015258789,0,0,1370.72
50.4000015258789,0,0,1371.887
50.4000015258789,0,0,1373.054
50.4000015258789,0,0,1374.222
50.4000015258789,0,0,1375.388
50.4000015258789,0,0,1376.554
50.4000015258789,0,0,1377.722
50.4000015258789,0,0,1378.89
50.4000015258789,0,0,1380.056
50.4000015258789,0,0,1381.222
50.4000015258789,0,0,1382.4
50.4000015258789,0,0,1383.567
50.4000015258789,0,0,1384.732
50.4000015258789,0,0,1385.897
50.6399993896484,0,0,1387.065
50.6399993896484,0,0,1388.231
50.6399993896484,0,0,1389.399
50.6399993896484,0,0,1390.567
50.6399993896484,0,0,1391.742
50.6399993896484,0,0,1392.929
50.6399993896484,0,0,1394.097
50.6399993896484,0,0,1395.263
50.6399993896484,0,0,1396.439
50.6399993896484,0,0,1397.607
50.6399993896484,0,0,1398.774
50.6399993896484,0,0,1399.944
50.6399993896484,0,0,1401.11
50.6399993896484,0,0,1402.279
50.4000015258789,0,0,1403.447
50.4000015258789,0,0,1404.614
50.4000015258789,0,0,1405.781
50.4000015258789,0,0,1406.948
50.4000015258789,0,0,1408.114
50.4000015258789,0,0,1409.28
50.4000015258789,0,0,1410.447
50.4000015258789,0,0,1411.613
50.4000015258789,0,0,1412.78
50.4000015258789,0,0,1413.947
50.4000015258789,0,0,1415.125
50.4000015258789,0,0,1416.291
50.4000015258789,0,0,1417.459
50.4000015258789,0,0,1418.625
50.4000015258789,0,0,1419.79
50.4000015258789,0,0,1420.956
50.4000015258789,0,0,1422.122
50.4000015258789,0,0,1423.29
50.4000015258789,0,0,1424.458
50.4000015258789,0,0,1425.625
50.4000015258789,0,0,1426.791
50.4000015258789,0,0,1427.956
50.4000015258789,0,0,1429.123
50.4000015258789,0,0,1430.292
50.4000015258789,0,0,1431.459
50.4000015258789,0,0,1432.625
50.4000015258789,0,0,1433.79
50.4000015258789,0,0,1434.957
50.4000015258789,0,0,1436.124
50.4000015258789,0,0,1437.289
50.4000015258789,0,0,1438.461
50.4000015258789,0,0,1439.637
50.4000015258789,0,0,1440.804
50.4000015258789,0,0,1441.972
50.4000015258789,0,0,1443.139
50.4000015258789,0,0,1444.305
50.4000015258789,0,0,1445.47
50.4000015258789,0,0,1446.638
50.4000015258789,0,0,1447.803
50.4000015258789,0,0,1448.969
50.4000015258789,0,0,1450.135
50.4000015258789,0,0,1451.302
50.4000015258789,0,0,1452.468
50.4000015258789,0,0,1453.636
50.4000015258789,0,0,1454.802
50.4000015258789,0,0,1455.968
50.4000015258789,0,0,1457.134
50.4000015258789,0,0,1458.301
50.4000015258789,0,0,1459.468
50.4000015258789,0,0,1460.635
50.4000015258789,0,0,1461.802
50.4000015258789,0,0,1462.975
50.4000015258789,0,0,1464.141
50.4000015258789,0,0,1465.308
50.4000015258789,0,0,1466.476
50.4000015258789,0,0,1467.642
50.4000015258789,0,0,1468.807
50.4000015258789,0,0,1469.972
50.4000015258789,0,0,1471.139
50.4000015258789,0,0,1472.306
50.4000015258789,0,0,1473.474
50.4000015258789,0,0,1474.64
50.4000015258789,0,0,1475.806
50.4000015258789,0,0,1476.974
50.4000015258789,0,0,1478.139
50.4000015258789,0,0,1479.306
50.4000015258789,0,0,1480.472
50.4000015258789,0,0,1481.639
50.4000015258789,0,0,1482.805
50.4000015258789,0,0,1483.972
50.4000015258789,0,0,1485.138
50.4000015258789,0,0,1486.315
50.4000015258789,0,0,1487.483
50.4000015258789,0,0,1488.654
50.4000015258789,0,0,1489.832
50.4000015258789,0,0,1491
50.4000015258789,0,0,1492.167
50.4000015258789,0,0,1493.333
50.4000015258789,0,0,1494.5
50.4000015258789,0,0,1495.665
50.4000015258789,0,0,1496.83
50.4000015258789,0,0,1497.995
50.4000015258789,0,0,1499.162
50.4000015258789,0,0,1500.334
50.4000015258789,0,0,1501.5
50.4000015258789,0,0,1502.667
50.4000015258789,0,0,1503.832
50.4000015258789,0,0,1504.999
50.4000015258789,0,0,1506.175
50.4000015258789,0,0,1507.341
50.4000015258789,0,0,1508.514
50.4000015258789,0,0,1509.687
50.4000015258789,0,0,1510.854
50.4000015258789,0,0,1512.021
50.4000015258789,0,0,1513.186
50.4000015258789,0,0,1514.369
50.4000015258789,0,0,1515.545
50.4000015258789,0,0,1516.715
50.4000015258789,0,0,1517.881
50.4000015258789,0,0,1519.047
50.4000015258789,0,0,1520.214
50.4000015258789,0,0,1521.379
50.4000015258789,0,0,1522.545
50.4000015258789,0,0,1523.712
50.4000015258789,0,0,1524.878
50.4000015258789,0,0,1526.045
50.4000015258789,0,0,1527.213
50.4000015258789,0,0,1528.379
50.4000015258789,0,0,1529.546
50.6399993896484,0,0,1530.711
50.6399993896484,0,0,1531.876
50.6399993896484,0,0,1533.043
50.6399993896484,0,0,1534.219
50.6399993896484,0,0,1535.385
50.6399993896484,0,0,1536.553
50.6399993896484,0,0,1537.719
50.6399993896484,0,0,1538.885
50.6399993896484,0,0,1540.051
50.6399993896484,0,0,1541.217
50.6399993896484,0,0,1542.393
50.6399993896484,0,0,1543.559
50.6399993896484,0,0,1544.726
50.6399993896484,0,0,1545.892
50.4000015258789,0,0,1547.058
50.4000015258789,0,0,1548.225
50.4000015258789,0,0,1549.392
50.4000015258789,0,0,1550.561
50.4000015258789,0,0,1551.727
50.4000015258789,0,0,1552.894
50.4000015258789,0,0,1554.06
50.4000015258789,0,0,1555.227
50.4000015258789,0,0,1556.393
50.4000015258789,0,0,1557.565
50.4000015258789,0,0,1558.732
50.4000015258789,0,0,1559.899
50.4000015258789,0,0,1561.066
50.4000015258789,0,0,1562.235
50.4000015258789,0,0,1563.4
50.4000015258789,0,0,1564.567
50.4000015258789,0,0,1565.733
50.4000015258789,0,0,1566.901
50.4000015258789,0,0,1568.067
50.4000015258789,0,0,1569.234
50.4000015258789,0,0,1570.408
50.4000015258789,0,0,1571.576
50.4000015258789,0,0,1572.743
50.4000015258789,0,0,1573.911
50.4000015258789,0,0,1575.076
50.4000015258789,0,0,1576.244
50.4000015258789,0,0,1577.41
50.4000015258789,0,0,1578.577
50.4000015258789,0,0,1579.743
50.6399993896484,0,0,1580.916
50.6399993896484,0,0,1582.083
50.6399993896484,0,0,1583.25
50.6399993896484,0,0,1584.417
50.6399993896484,0,0,1585.584
50.6399993896484,0,0,1586.75
50.6399993896484,0,0,1587.916
50.6399993896484,0,0,1589.568
50.6399993896484,0,0,1590.765
50.6399993896484,0,0,1591.936
50.6399993896484,0,0,1593.105
50.6399993896484,0,0,1594.279
50.6399993896484,0,0,1595.447
50.4000015258789,0,0,1596.614
50.4000015258789,0,0,1597.782
50.4000015258789,0,0,1598.95
50.4000015258789,0,0,1600.117
50.4000015258789,0,0,1601.284
50.4000015258789,0,0,1602.461
50.4000015258789,0,0,1603.628
50.4000015258789,0,0,1604.794
50.4000015258789,0,0,1605.976
50.4000015258789,0,0,1607.145
50.4000015258789,0,0,1608.311
50.4000015258789,0,0,1609.477
50.4000015258789,0,0,1610.643
50.4000015258789,0,0,1611.81
50.4000015258789,0,0,1612.977
50.4000015258789,0,0,1614.145
50.4000015258789,0,0,1615.311
50.4000015258789,0,0,1616.479
50.4000015258789,0,0,1617.645
50.4000015258789,0,0,1618.811
50.4000015258789,0,0,1619.977
50.4000015258789,0,0,1621.144
50.4000015258789,0,0,1622.321
50.4000015258789,0,0,1623.488
50.4000015258789,0,0,1624.655
50.4000015258789,0,0,1625.822
50.4000015258789,0,0,1626.988
50.4000015258789,0,0,1628.156
50.6399993896484,0,0,1629.336
50.6399993896484,0,0,1630.513
50.6399993896484,0,0,1631.681
50.6399993896484,0,0,1632.848
50.6399993896484,0,0,1634.014
50.6399993896484,0,0,1635.18
50.6399993896484,0,0,1636.348
50.6399993896484,0,0,1637.513
50.6399993896484,0,0,1638.692
50.6399993896484,0,0,1639.859
50.6399993896484,0,0,1641.026
50.6399993896484,0,0,1642.194
50.6399993896484,0,0,1643.36
50.6399993896484,0,0,1644.525
50.4000015258789,0,0,1645.694
50.4000015258789,0,0,1646.862
50.4000015258789,0,0,1648.028
50.4000015258789,0,0,1649.195
50.4000015258789,0,0,1650.369
50.4000015258789,0,0,1651.535
50.4000015258789,0,0,1652.712
50.4000015258789,0,0,1653.878
50.4000015258789,0,0,1655.045
50.4000015258789,0,0,1656.211
50.4000015258789,0,0,1657.376
50.4000015258789,0,0,1658.555
50.4000015258789,0,0,1659.722
50.6399993896484,0,0,1660.889
50.6399993896484,0,0,1662.054
50.6399993896484,0,0,1663.222
50.6399993896484,0,0,1664.393
50.6399993896484,0,0,1665.56
50.6399993896484,0,0,1666.732
50.6399993896484,0,0,1667.899
50.6399993896484,0,0,1669.067
50.6399993896484,0,0,1670.238
50.6399993896484,0,0,1671.405
50.6399993896484,0,0,1672.572
50.6399993896484,0,0,1673.739
50.6399993896484,0,0,1674.905
50.6399993896484,0,0,1676.072
50.4000015258789,0,0,1677.249
50.4000015258789,0,0,1678.424
50.4000015258789,0,0,1679.591
50.4000015258789,0,0,1680.765
50.4000015258789,0,0,1681.933
50.4000015258789,0,0,1683.1
50.4000015258789,0,0,1684.265
50.4000015258789,0,0,1685.432
50.4000015258789,0,0,1686.599
50.4000015258789,0,0,1687.764
50.4000015258789,0,0,1688.931
50.4000015258789,0,0,1690.096
50.4000015258789,0,0,1691.282
50.4000015258789,0,0,1692.477
50.4000015258789,0,0,1693.644
50.4000015258789,0,0,1694.812
50.4000015258789,0,0,1695.979
50.4000015258789,0,0,1697.143
50.4000015258789,0,0,1698.321
50.4000015258789,0,0,1699.487
50.4000015258789,0,0,1700.661
50.4000015258789,0,0,1701.828
50.4000015258789,0,0,1702.996
50.4000015258789,0,0,1704.161
50.4000015258789,0,0,1705.327
50.4000015258789,0,0,1706.494
50.4000015258789,0,0,1707.659
50.6399993896484,0,0,1708.841
50.6399993896484,0,0,1710.006
50.6399993896484,0,0,1711.174
50.6399993896484,0,0,1712.363
50.6399993896484,0,0,1713.53
50.6399993896484,0,0,1714.699
50.6399993896484,0,0,1715.866
50.6399993896484,0,0,1717.032
50.6399993896484,0,0,1718.205
50.6399993896484,0,0,1719.374
50.6399993896484,0,0,1720.541
50.6399993896484,0,0,1721.705
50.6399993896484,0,0,1722.872
50.6399993896484,0,0,1724.048
50.4000015258789,0,0,1725.215
50.4000015258789,0,0,1726.388
50.4000015258789,0,0,1727.553
50.4000015258789,0,0,1728.721
50.4000015258789,0,0,1729.887
50.4000015258789,0,0,1731.053
50.4000015258789,0,0,1732.219
50.4000015258789,0,0,1733.384
50.4000015258789,0,0,1734.552
50.4000015258789,0,0,1735.718
50.4000015258789,0,0,1736.883
50.4000015258789,0,0,1738.048
50.4000015258789,0,0,1739.229
50.4000015258789,0,0,1740.413
50.6399993896484,0,0,1741.581
50.6399993896484,0,0,1742.752
50.6399993896484,0,0,1743.917
50.6399993896484,0,0,1745.084
50.6399993896484,0,0,1746.261
50.6399993896484,0,0,1747.429
50.6399993896484,0,0,1748.603
50.6399993896484,0,0,1749.771
50.6399993896484,0,0,1750.936
50.6399993896484,0,0,1752.102
50.6399993896484,0,0,1753.268
50.6399993896484,0,0,1754.434
50.6399993896484,0,0,1755.6
50.4000015258789,0,0,1756.767
50.4000015258789,0,0,1757.934
50.4000015258789,0,0,1759.102
50.4000015258789,0,0,1760.282
50.4000015258789,0,0,1761.45
50.4000015258789,0,0,1762.62
50.4000015258789,0,0,1763.786
50.4000015258789,0,0,1764.952
50.4000015258789,0,0,1766.118
50.4000015258789,0,0,1767.285
50.4000015258789,0,0,1768.452
50.4000015258789,0,0,1769.618
50.4000015258789,0,0,1770.786
50.4000015258789,0,0,1771.983
50.4000015258789,0,0,1773.149
50.4000015258789,0,0,1774.328
50.4000015258789,0,0,1775.496
50.4000015258789,0,0,1776.664
50.4000015258789,0,0,1777.833
50.4000015258789,0,0,1779
50.4000015258789,0,0,1780.165
50.4000015258789,0,0,1781.332
50.4000015258789,0,0,1782.5
50.4000015258789,0,0,1783.665
50.4000015258789,0,0,1784.849
50.4000015258789,0,0,1786.015
50.4000015258789,0,0,1787.185
50.4000015258789,0,0,1788.351
50.4000015258789,0,0,1789.52
50.4000015258789,0,0,1790.687
50.4000015258789,0,0,1791.852
50.4000015258789,0,0,1793.018
50.4000015258789,0,0,1794.203
50.4000015258789,0,0,1795.378
50.4000015258789,0,0,1796.545
50.4000015258789,0,0,1797.711
50.4000015258789,0,0,1798.877
50.4000015258789,0,0,1800.044
50.4000015258789,0,0,1801.21
50.4000015258789,0,0,1802.409
50.4000015258789,0,0,1803.576
50.4000015258789,0,0,1804.744
50.4000015258789,0,0,1805.91
50.4000015258789,0,0,1807.076
50.4000015258789,0,0,1808.266
50.4000015258789,0,0,1809.432
50.4000015258789,0,0,1810.599
50.4000015258789,0,0,1811.764
50.4000015258789,0,0,1812.93
50.4000015258789,0,0,1814.096
50.4000015258789,0,0,1815.263
50.4000015258789,0,0,1816.429
50.4000015258789,0,0,1817.594
50.4000015258789,0,0,1818.761
50.4000015258789,0,0,1819.937
50.4000015258789,0,0,1821.104
50.4000015258789,0,0,1822.272
50.4000015258789,0,0,1823.439
50.4000015258789,0,0,1824.605
50.4000015258789,0,0,1825.773
50.4000015258789,0,0,1826.937
50.4000015258789,0,0,1828.103
50.4000015258789,0,0,1829.272
50.4000015258789,0,0,1830.443
50.4000015258789,0,0,1831.609
50.4000015258789,0,0,1832.782
50.4000015258789,0,0,1833.948
50.4000015258789,0,0,1835.115
50.4000015258789,0,0,1836.304
50.4000015258789,0,0,1837.471
50.4000015258789,0,0,1838.641
50.4000015258789,0,0,1839.807
50.4000015258789,0,0,1840.974
50.4000015258789,0,0,1842.14
50.4000015258789,0,0,1843.313
50.4000015258789,0,0,1844.479
50.4000015258789,0,0,1845.649
50.4000015258789,0,0,1846.815
50.4000015258789,0,0,1847.979
50.4000015258789,0,0,1849.145
50.4000015258789,0,0,1850.32
50.4000015258789,0,0,1851.486
50.4000015258789,0,0,1852.654
50.4000015258789,0,0,1853.819
50.4000015258789,0,0,1854.986
50.4000015258789,0,0,1856.153
50.4000015258789,0,0,1857.321
50.4000015258789,0,0,1858.488
50.4000015258789,0,0,1859.655
50.4000015258789,0,0,1860.838
50.4000015258789,0,0,1862.005
50.4000015258789,0,0,1863.174
50.4000015258789,0,0,1864.34
50.4000015258789,0,0,1865.505
50.4000015258789,0,0,1866.678
50.4000015258789,0,0,1867.844
50.4000015258789,0,0,1869.01
50.4000015258789,0,0,1870.201
50.4000015258789,0,0,1871.367
50.4000015258789,0,0,1872.55
50.4000015258789,0,0,1873.736
50.4000015258789,0,0,1874.903
50.4000015258789,0,0,1876.068
50.4000015258789,0,0,1877.233
50.4000015258789,0,0,1878.398
50.4000015258789,0,0,1879.564
50.4000015258789,0,0,1880.735
50.4000015258789,0,0,1881.901
50.4000015258789,0,0,1883.066
50.4000015258789,0,0,1884.248
50.4000015258789,0,0,1885.415
50.4000015258789,0,0,1886.587
50.4000015258789,0,0,1887.752
50.4000015258789,0,0,1888.918
50.4000015258789,0,0,1890.092
50.4000015258789,0,0,1891.26
50.4000015258789,0,0,1892.426
50.4000015258789,0,0,1893.608
50.4000015258789,0,0,1894.774
50.4000015258789,0,0,1895.939
50.4000015258789,0,0,1897.114
50.4000015258789,0,0,1898.294
50.4000015258789,0,0,1899.459
50.4000015258789,0,0,1900.624
50.4000015258789,0,0,1901.789
50.4000015258789,0,0,1902.955
50.4000015258789,0,0,1904.135
50.4000015258789,0,0,1905.313
50.4000015258789,0,0,1906.494
50.4000015258789,0,0,1907.665
50.4000015258789,0,0,1908.832
50.4000015258789,0,0,1910
50.4000015258789,0,0,1911.167
50.4000015258789,0,0,1912.334
50.4000015258789,0,0,1913.506
50.4000015258789,0,0,1914.678
50.4000015258789,0,0,1915.846
50.4000015258789,0,0,1917.01
50.4000015258789,0,0,1918.201
50.4000015258789,0,0,1919.392
50.4000015258789,0,0,1920.597
50.4000015258789,0,0,1921.762
50.4000015258789,0,0,1922.928
50.4000015258789,0,0,1924.094
50.4000015258789,0,0,1925.259
50.4000015258789,0,0,1926.426
50.4000015258789,0,0,1927.593
50.4000015258789,0,0,1928.77
50.4000015258789,0,0,1929.947
50.4000015258789,0,0,1931.112
50.4000015258789,0,0,1932.292
50.4000015258789,0,0,1933.458
50.4000015258789,0,0,1934.625
50.4000015258789,0,0,1935.79
50.4000015258789,0,0,1936.956
50.4000015258789,0,0,1938.128
50.4000015258789,0,0,1939.295
50.4000015258789,0,0,1940.461
50.4000015258789,0,0,1941.626
50.4000015258789,0,0,1942.791
50.4000015258789,0,0,1943.958
50.4000015258789,0,0,1945.123
50.4000015258789,0,0,1946.319
50.4000015258789,0,0,1947.486
50.4000015258789,0,0,1948.651
50.4000015258789,0,0,1949.817
50.4000015258789,0,0,1950.982
50.4000015258789,0,0,1952.146
50.4000015258789,0,0,1953.314
50.4000015258789,0,0,1954.489
50.4000015258789,0,0,1955.654
50.4000015258789,0,0,1956.819
50.4000015258789,0,0,1957.996
50.4000015258789,0,0,1959.162
50.4000015258789,0,0,1960.328
50.4000015258789,0,0,1961.502
50.4000015258789,0,0,1962.669
50.4000015258789,0,0,1963.833
50.4000015258789,0,0,1964.998
50.4000015258789,0,0,1966.181
50.4000015258789,0,0,1967.348
50.4000015258789,0,0,1968.555
50.4000015258789,0,0,1969.744
50.4000015258789,0,0,1970.91
50.4000015258789,0,0,1972.075
50.4000015258789,0,0,1973.239
50.4000015258789,0,0,1974.419
50.4000015258789,0,0,1975.584
50.4000015258789,0,0,1976.749
50.4000015258789,0,0,1977.934
50.4000015258789,0,0,1979.1
50.4000015258789,0,0,1980.265
50.4000015258789,0,0,1981.432
50.4000015258789,0,0,1982.598
50.4000015258789,0,0,1983.763
50.4000015258789,0,0,1984.929
50.4000015258789,0,0,1986.102
50.4000015258789,0,0,1987.271
50.4000015258789,0,0,1988.435
50.4000015258789,0,0,1989.601
50.4000015258789,0,0,1990.765
50.4000015258789,0,0,1991.931
50.4000015258789,0,0,1993.116
50.4000015258789,0,0,1994.286
50.4000015258789,0,0,1995.455
50.4000015258789,0,0,1996.622
50.4000015258789,0,0,1997.787
50.4000015258789,0,0,1998.952
50.4000015258789,0,0,2000.118
50.4000015258789,0,0,2001.284
50.4000015258789,0,0,2002.473
50.4000015258789,0,0,2003.639
50.4000015258789,0,0,2004.804
50.4000015258789,0,0,2005.97
50.4000015258789,0,0,2007.135
50.4000015258789,0,0,2008.304
50.4000015258789,0,0,2009.491
50.4000015258789,0,0,2010.658
50.4000015258789,0,0,2011.822
50.4000015258789,0,0,2012.99
50.4000015258789,0,0,2014.155
50.4000015258789,0,0,2015.321
50.4000015258789,0,0,2016.509
50.4000015258789,0,0,2017.697
50.4000015258789,0,0,2018.863
50.4000015258789,0,0,2020.033
50.4000015258789,0,0,2021.199
50.4000015258789,0,0,2022.374
50.4000015258789,0,0,2023.556
50.4000015258789,0,0,2024.722
50.4000015258789,0,0,2025.888
50.4000015258789,0,0,2027.054
50.4000015258789,0,0,2028.249
50.4000015258789,0,0,2029.416
50.4000015258789,0,0,2030.583
50.4000015258789,0,0,2031.748
50.4000015258789,0,0,2032.921
50.4000015258789,0,0,2034.087
50.4000015258789,0,0,2035.254
50.4000015258789,0,0,2036.419
50.4000015258789,0,0,2037.585
50.4000015258789,0,0,2038.75
50.4000015258789,0,0,2039.915
50.4000015258789,0,0,2041.081
50.4000015258789,0,0,2042.276
50.4000015258789,0,0,2043.442
50.4000015258789,0,0,2044.608
50.4000015258789,0,0,2045.773
50.4000015258789,0,0,2046.94
50.4000015258789,0,0,2048.105
50.4000015258789,0,0,2049.269
50.4000015258789,0,0,2050.46
50.4000015258789,0,0,2051.632
50.4000015258789,0,0,2052.797
50.4000015258789,0,0,2053.964
50.4000015258789,0,0,2055.131
50.4000015258789,0,0,2056.298
50.4000015258789,0,0,2057.471
50.4000015258789,0,0,2058.637
50.4000015258789,0,0,2059.803
50.4000015258789,0,0,2060.968
50.4000015258789,0,0,2062.133
50.4000015258789,0,0,2063.3
50.4000015258789,0,0,2064.468
50.4000015258789,0,0,2065.635
50.4000015258789,0,0,2066.803
50.4000015258789,0,0,2067.969
50.4000015258789,0,0,2069.148
50.4000015258789,0,0,2070.342
50.4000015258789,0,0,2071.508
50.4000015258789,0,0,2072.683
50.4000015258789,0,0,2073.85
50.4000015258789,0,0,2075.016
50.4000015258789,0,0,2076.197
50.4000015258789,0,0,2077.363
50.4000015258789,0,0,2078.53
50.4000015258789,0,0,2079.698
50.4000015258789,0,0,2080.874
50.4000015258789,0,0,2082.041
50.4000015258789,0,0,2083.208
50.4000015258789,0,0,2084.374
50.4000015258789,0,0,2085.555
50.4000015258789,0,0,2086.722
50.4000015258789,0,0,2087.889
50.4000015258789,0,0,2089.055
50.4000015258789,0,0,2090.243
50.4000015258789,0,0,2091.408
50.4000015258789,0,0,2092.575
50.4000015258789,0,0,2093.742
50.4000015258789,0,0,2094.908
50.4000015258789,0,0,2096.076
50.4000015258789,0,0,2097.242
50.4000015258789,0,0,2098.42
50.4000015258789,0,0,2099.587
50.4000015258789,0,0,2100.769
50.4000015258789,0,0,2101.935
50.4000015258789,0,0,2103.1
50.4000015258789,0,0,2104.272
50.4000015258789,0,0,2105.441
50.4000015258789,0,0,2106.608
50.4000015258789,0,0,2107.777
50.4000015258789,0,0,2108.943
50.4000015258789,0,0,2110.108
50.4000015258789,0,0,2111.277
50.4000015258789,0,0,2112.453
50.4000015258789,0,0,2113.635
50.4000015258789,0,0,2114.8
50.4000015258789,0,0,2115.965
50.4000015258789,0,0,2117.13
50.4000015258789,0,0,2118.317
50.4000015258789,0,0,2119.484
50.4000015258789,0,0,2120.662
50.4000015258789,0,0,2121.827
50.4000015258789,0,0,2122.994
50.4000015258789,0,0,2124.179
50.4000015258789,0,0,2125.345
50.4000015258789,0,0,2126.518
50.4000015258789,0,0,2127.683
50.4000015258789,0,0,2128.879
50.4000015258789,0,0,2130.046
50.4000015258789,0,0,2131.23
50.4000015258789,0,0,2132.396
50.4000015258789,0,0,2133.561
50.4000015258789,0,0,2134.729
50.4000015258789,0,0,2135.897
50.4000015258789,0,0,2137.063
50.4000015258789,0,0,2138.231
50.4000015258789,0,0,2139.396
50.4000015258789,0,0,2140.56
50.4000015258789,0,0,2141.739
50.4000015258789,0,0,2142.905
50.4000015258789,0,0,2144.07
50.4000015258789,0,0,2145.236
50.4000015258789,0,0,2146.408
50.4000015258789,0,0,2147.574
50.4000015258789,0,0,2148.742
50.4000015258789,0,0,2149.921
50.4000015258789,0,0,2151.111
50.4000015258789,0,0,2152.287
50.4000015258789,0,0,2153.453
50.4000015258789,0,0,2154.62
50.4000015258789,0,0,2155.786
50.4000015258789,0,0,2156.953
50.4000015258789,0,0,2158.135
50.6399993896484,0,0,2159.301
50.6399993896484,0,0,2160.469
50.6399993896484,0,0,2161.633
50.6399993896484,0,0,2162.8
50.6399993896484,0,0,2163.966
50.6399993896484,0,0,2165.133
50.6399993896484,0,0,2166.307
50.6399993896484,0,0,2167.473
50.6399993896484,0,0,2168.64
50.6399993896484,0,0,2169.805
50.6399993896484,0,0,2170.972
50.6399993896484,0,0,2172.137
50.6399993896484,0,0,2173.303
50.6399993896484,0,0,2174.484
50.4000015258789,0,0,2175.661
50.4000015258789,0,0,2176.844
50.4000015258789,0,0,2178.009
50.4000015258789,0,0,2179.179
50.4000015258789,0,0,2180.349
50.4000015258789,0,0,2181.514
50.4000015258789,0,0,2182.696
50.4000015258789,0,0,2183.86
50.4000015258789,0,0,2185.024
50.4000015258789,0,0,2186.193
50.4000015258789,0,0,2187.366
50.4000015258789,0,0,2188.532
50.4000015258789,0,0,2189.698
50.4000015258789,0,0,2190.869
50.4000015258789,0,0,2192.036
50.4000015258789,0,0,2193.205
50.4000015258789,0,0,2194.392
50.4000015258789,0,0,2195.556
50.4000015258789,0,0,2196.721
50.4000015258789,0,0,2197.888
50.4000015258789,0,0,2199.062
50.4000015258789,0,0,2200.229
50.4000015258789,0,0,2201.396
50.4000015258789,0,0,2202.563
50.4000015258789,0,0,2203.73
50.4000015258789,0,0,2204.913
50.4000015258789,0,0,2206.08
50.4000015258789,0,0,2207.247
50.4000015258789,0,0,2208.415
50.4000015258789,0,0,2209.584
50.4000015258789,0,0,2210.751
50.4000015258789,0,0,2211.933
50.4000015258789,0,0,2213.099
50.4000015258789,0,0,2214.289
50.4000015258789,0,0,2215.454
50.4000015258789,0,0,2216.619
50.4000015258789,0,0,2217.784
50.4000015258789,0,0,2218.949
50.4000015258789,0,0,2220.117
50.4000015258789,0,0,2221.283
50.4000015258789,0,0,2222.464
50.4000015258789,0,0,2223.639
50.4000015258789,0,0,2224.805
50.4000015258789,0,0,2225.971
50.4000015258789,0,0,2227.139
50.4000015258789,0,0,2228.319
50.4000015258789,0,0,2229.484
50.4000015258789,0,0,2230.654
50.4000015258789,0,0,2231.82
50.4000015258789,0,0,2233.005
50.4000015258789,0,0,2234.169
50.4000015258789,0,0,2235.336
50.4000015258789,0,0,2236.502
50.4000015258789,0,0,2237.667
50.4000015258789,0,0,2238.833
50.4000015258789,0,0,2239.999
50.4000015258789,0,0,2241.164
50.4000015258789,0,0,2242.337
50.4000015258789,0,0,2243.506
50.4000015258789,0,0,2244.673
50.4000015258789,0,0,2245.837
50.4000015258789,0,0,2247.012
50.4000015258789,0,0,2248.178
50.4000015258789,0,0,2249.344
50.4000015258789,0,0,2250.511
50.4000015258789,0,0,2251.676
50.4000015258789,0,0,2252.842
50.4000015258789,0,0,2254.006
50.4000015258789,0,0,2255.172
50.4000015258789,0,0,2256.341
50.4000015258789,0,0,2257.506
50.4000015258789,0,0,2258.673
50.4000015258789,0,0,2259.838
50.4000015258789,0,0,2261.003
50.4000015258789,0,0,2262.168
50.4000015258789,0,0,2263.333
50.4000015258789,0,0,2264.5
50.4000015258789,0,0,2265.664
50.4000015258789,0,0,2266.831
50.4000015258789,0,0,2267.998
50.4000015258789,0,0,2269.163
50.4000015258789,0,0,2270.346
50.4000015258789,0,0,2271.529
50.4000015258789,0,0,2272.695
50.4000015258789,0,0,2273.861
50.4000015258789,0,0,2275.028
50.4000015258789,0,0,2276.212
50.4000015258789,0,0,2277.38
50.4000015258789,0,0,2278.546
50.4000015258789,0,0,2279.712
50.4000015258789,0,0,2280.88
50.4000015258789,0,0,2282.045
50.4000015258789,0,0,2283.209
50.4000015258789,0,0,2284.378
50.4000015258789,0,0,2285.542
50.4000015258789,0,0,2286.708
50.4000015258789,0,0,2287.874
50.4000015258789,0,0,2289.043
50.4000015258789,0,0,2290.21
50.4000015258789,0,0,2291.378
50.4000015258789,0,0,2292.574
50.4000015258789,0,0,2293.741
50.4000015258789,0,0,2294.916
50.4000015258789,0,0,2296.084
50.4000015258789,0,0,2297.248
50.4000015258789,0,0,2298.416
50.4000015258789,0,0,2299.603
50.4000015258789,0,0,2300.77
50.4000015258789,0,0,2301.94
50.4000015258789,0,0,2303.107
50.4000015258789,0,0,2304.273
50.4000015258789,0,0,2305.439
50.4000015258789,0,0,2306.606
50.4000015258789,0,0,2307.772
50.4000015258789,0,0,2308.938
50.4000015258789,0,0,2310.103
50.4000015258789,0,0,2311.269
50.4000015258789,0,0,2312.436
50.4000015258789,0,0,2313.601
50.4000015258789,0,0,2314.767
50.4000015258789,0,0,2315.932
50.4000015258789,0,0,2317.097
50.4000015258789,0,0,2318.295
50.4000015258789,0,0,2319.462
50.4000015258789,0,0,2320.628
50.4000015258789,0,0,2321.817
50.4000015258789,0,0,2322.983
50.4000015258789,0,0,2324.147
50.4000015258789,0,0,2325.313
50.4000015258789,0,0,2326.479
50.4000015258789,0,0,2327.645
50.4000015258789,0,0,2328.835
50.4000015258789,0,0,2330.024
50.4000015258789,0,0,2331.191
50.4000015258789,0,0,2332.358
50.4000015258789,0,0,2333.525
50.4000015258789,0,0,2334.691
50.4000015258789,0,0,2335.858
50.4000015258789,0,0,2337.024
50.4000015258789,0,0,2338.205
50.4000015258789,0,0,2339.37
50.4000015258789,0,0,2340.539
50.4000015258789,0,0,2341.712
50.4000015258789,0,0,2342.893
50.4000015258789,0,0,2344.057
50.4000015258789,0,0,2345.222
50.4000015258789,0,0,2346.402
50.4000015258789,0,0,2347.568
50.4000015258789,0,0,2348.732
50.4000015258789,0,0,2349.897
50.4000015258789,0,0,2351.063
50.4000015258789,0,0,2352.249
50.4000015258789,0,0,2353.416
50.4000015258789,0,0,2354.583
50.4000015258789,0,0,2355.748
50.4000015258789,0,0,2356.911
50.4000015258789,0,0,2358.077
50.4000015258789,0,0,2359.243
50.4000015258789,0,0,2360.427
50.4000015258789,0,0,2361.593
50.4000015258789,0,0,2362.757
50.4000015258789,0,0,2363.922
50.4000015258789,0,0,2365.087
50.4000015258789,0,0,2366.278
50.4000015258789,0,0,2367.444
50.4000015258789,0,0,2368.611
50.4000015258789,0,0,2369.776
50.4000015258789,0,0,2370.941
50.4000015258789,0,0,2372.107
50.4000015258789,0,0,2373.274
50.4000015258789,0,0,2374.44
50.4000015258789,0,0,2375.624
50.4000015258789,0,0,2376.79
50.4000015258789,0,0,2377.966
50.4000015258789,0,0,2379.143
50.4000015258789,0,0,2380.309
50.4000015258789,0,0,2381.478
50.4000015258789,0,0,2382.646
50.4000015258789,0,0,2383.812
50.4000015258789,0,0,2384.978
