0,0,0,26.439
0,0,0,33.722
0,0,0,35.29
0,0,0,36.97
0,0,0,40.53
0,0,0,42.192
0,0,0,43.457
0,0,0,44.692
0,0,0,45.93
0,0,0,47.175
0,0,0,48.422
0,0,0,49.66
0,0,0,50.903
0,0,0,52.136
0,0,0,53.375
0,0,0,54.604
0,0,0,55.824
0,0,0,57.042
0,0,0,58.26
0,0,0,59.47
0,0,0,60.683
0,0,0,61.893
0,0,0,63.106
0,0,0,64.316
0,0,0,65.535
0,0,0,66.751
0,0,0,67.963
0,0,0,69.172
0,0,0,70.462
0,0,0,71.695
0,0,0,72.917
0,0,0,74.155
0,0,0,75.369
0,0,0,76.577
0,0,0,77.83
0,0,0,79.054
0,0,0,80.261
0,0,0,81.479
0,0,0,82.708
0,0,0,83.93
0,0,0,85.14
0,0,0,86.382
0,0,0,87.599
0,0,0,88.8
0,0,0,89.995
0,0,0,91.2
0,0,0,92.395
0,0,0,93.63
0,0,0,94.849
0,0,0,96.064
0,0,0,97.272
0,0,0,98.482
0,0,0,99.692
0,0,0,100.905
0,0,0,102.135
0,0,0,103.35
0,0,0,104.566
0,0,0,105.784
0,0,0,107.012
0,0,0,108.235
0,0,0,109.477
0,0,0,110.701
0,0,0,111.928
0,0,0,113.152
0,0,0,114.376
0,0,0,115.6
0,0,0,116.881
0,0,0,118.12
0,0,0,119.373
0,0,0,120.609
0,0,0,121.854
0,0,0,123.093
0,0,0,124.341
0,0,0,125.595
0,0,0,126.853
0,0,0,128.107
0,0,0,129.366
0,0,0,130.618
0,0,0,131.879
0,0,0,133.139
0,0,0,134.406
0,0,0,135.691
0,0,0,136.96
0,0,0,138.227
0,0,0,139.5
0,0,0,140.814
0,0,0,142.891
0,0,0,144.96
0,0,0,146.385
0,0,0,147.681
0,0,0,148.96
0,0,0,150.237
0,0,0,151.518
0,0,0,152.803
0,0,0,154.111
0,0,0,155.399
0,0,0,156.684
0,0,0,157.967
0,0,0,159.246
0,0,0,160.55
0,0,0,161.835
0,0,0,163.129
0,0,0,164.432
0,0,0,165.735
0,0,0,167.03
0,0,0,168.326
0,0,0,169.631
0,0,0,170.923
0,0,0,172.217
0,0,0,173.519
0,0,0,174.82
0,0,0,176.12
0,0,0,177.426
0,0,0,178.727
0,0,0,180.025
0,0,0,181.324
0,0,0,182.624
0,0,0,183.923
0,0,0,185.224
0,0,0,186.554
0,0,0,187.851
0,0,0,189.15
0,0,0,190.446
0,0,0,191.731
0,0,0,193.022
0,0,0,194.326
0,0,0,195.635
0,0,0,196.929
0,0,0,198.228
0,0,0,199.52
0,0,0,200.806
0,0,0,202.1
0,0,0,203.389
0,0,0,204.678
0,0,0,205.966
0,0,0,207.25
0,0,0,208.537
0,0,0,209.818
0,0,0,211.095
0,0,0,212.37
0,0,0,213.647
0,0,0,214.947
0,0,0,216.226
0,0,0,217.507
0,0,0,218.842
0,0,0,220.121
0,0,0,221.401
0,0,0,222.677
0,0,0,223.951
0,0,0,225.226
0,0,0,226.512
0,0,0,227.788
0,0,0,229.065
0,0,0,230.342
0,0,0,231.621
0,0,0,232.899
0,0,0,234.238
0,0,0,235.562
0,0,0,236.848
0,0,0,238.132
0,0,0,239.415
0,0,0,240.699
0,0,0,241.987
0,0,0,243.28
0,0,0,244.564
0,0,0,245.856
0,0,0,247.158
0,0,0,248.446
0,0,0,249.727
0,0,0,251.01
0,0,0,252.289
0,0,0,253.574
0,0,0,254.854
0,0,0,256.135
0,0,0,257.411
0,0,0,258.689
0,0,0,259.962
0,0,0,261.235
0,0,0,262.509
0,0,0,263.778
0,0,0,265.049
0,0,0,266.326
0,0,0,267.598
0,0,0,268.868
0,0,0,270.14
0,0,0,271.413
0,0,0,272.684
0,0,0,273.984
0,0,0,275.26
0,0,0,276.528
0,0,0,277.796
0,0,0,279.059
0,0,0,280.323
0,0,0,281.588
0,0,0,282.854
0,0,0,284.118
0,0,0,285.384
0,0,0,286.647
0,0,0,287.911
0,0,0,289.174
0,0,0,290.442
0,0,0,291.706
0,0,0,292.968
0,0,0,294.234
0,0,0,295.497
0,0,0,296.761
0,0,0,298.028
0,0,0,299.285
0,0,0,300.539
0,0,0,301.794
0,0,0,303.049
0,0,0,304.304
0,0,0,305.56
0,0,0,306.817
0,0,0,308.07
0,0,0,309.327
0,0,0,310.582
0,0,0,311.84
0,0,0,313.104
0,0,0,314.367
0,0,0,315.622
0,0,0,316.882
0,0,0,318.138
0,0,0,319.393
0,0,0,320.652
0,0,0,321.914
0,0,0,323.171
0,0,0,324.444
0,0,0,325.732
0,0,0,326.995
0,0,0,328.252
0,0,0,329.514
0,0,0,330.776
0,0,0,332.033
0,0,0,333.288
0,0,0,334.567
0,0,0,335.831
0,0,0,337.09
0,0,0,338.357
0,0,0,339.614
0,0,0,340.876
0,0,0,342.133
0,0,0,343.392
0,0,0,344.647
0,0,0,345.908
0,0,0,347.165
0,0,0,348.42
0,0,0,349.677
0,0,0,350.933
0,0,0,352.189
0,0,0,353.449
0,0,0,354.706
0,0,0,355.962
0,0,0,357.219
0,0,0,358.465
0,0,0,359.716
0,0,0,360.962
0,0,0,362.212
0,0,0,363.458
0,0,0,364.703
0,0,0,365.952
0,0,0,367.199
0,0,0,368.446
0,0,0,369.699
0,0,0,370.945
0,0,0,372.194
0,0,0,373.442
0,0,0,374.703
0,0,0,375.951
0,0,0,377.199
0,0,0,378.441
0,0,0,379.68
0,0,0,380.918
0,0,0,382.157
0,0,0,383.395
0,0,0,384.636
0,0,0,385.878
0,0,0,387.122
0,0,0,388.361
0,0,0,389.603
0,0,0,390.843
0,0,0,392.083
0,0,0,393.329
0,0,0,394.576
0,0,0,395.812
0,0,0,397.046
0,0,0,398.288
0,0,0,399.528
0,0,0,400.765
0,0,0,401.998
0,0,0,403.233
0,0,0,404.467
0,0,0,405.704
0,0,0,406.94
0,0,0,408.17
0,0,0,409.41
0,0,0,410.645
0,0,0,411.876
0,0,0,413.108
0,0,0,414.341
0,0,0,415.576
0,0,0,416.812
0,0,0,418.045
0,0,0,419.278
0,0,0,420.511
0,0,0,421.744
0,0,0,422.975
0,0,0,424.207
0,0,0,425.443
0,0,0,426.679
0,0,0,427.915
0,0,0,429.151
0,0,0,430.388
0,0,0,431.624
0,0,0,432.863
0,0,0,434.1
0,0,0,435.35
0,0,0,436.587
0,0,0,437.839
0,0,0,439.074
0,0,0,440.311
0,0,0,441.547
0,0,0,442.78
0,0,0,444.013
0,0,0,445.246
0,0,0,446.481
0,0,0,447.719
0,0,0,448.952
0,0,0,450.186
0,0,0,451.451
0,0,0,452.686
0,0,0,453.926
0,0,0,455.171
0,0,0,456.401
0,0,0,457.666
0,0,0,458.894
0,0,0,460.122
0,0,0,461.35
0,0,0,462.577
0,0,0,463.808
0,0,0,465.039
0,0,0,466.275
0,0,0,467.509
0,0,0,468.743
0,0,0,469.976
0,0,0,471.209
0,0,0,472.443
0,0,0,473.676
0,0,0,474.909
0,0,0,476.141
0,0,0,477.374
0,0,0,478.61
0,0,0,479.84
0,0,0,481.071
0,0,0,482.306
0,0,0,483.537
0,0,0,484.768
0,0,0,485.992
0,0,0,487.219
0,0,0,488.442
0,0,0,489.669
0,0,0,490.894
0,0,0,492.118
0,0,0,493.346
0,0,0,494.571
0,0,0,495.796
0,0,0,497.019
0,0,0,498.245
0,0,0,499.468
0,0,0,500.693
0,0,0,501.923
0,0,0,503.149
0,0,0,504.375
0,0,0,505.599
0,0,0,506.822
0,0,0,508.047
0,0,0,509.271
0,0,0,510.5
0,0,0,511.725
0,0,0,512.948
0,0,0,514.201
0,0,0,515.44
0,0,0,516.665
0,0,0,517.894
0,0,0,519.118
0,0,0,520.343
0,0,0,521.568
0,0,0,522.789
0,0,0,524.01
0,0,0,525.236
0,0,0,526.46
0,0,0,527.684
0,0,0,528.905
0,0,0,530.128
0,0,0,531.351
0,0,0,532.574
0,0,0,533.802
0,0,0,535.026
0,0,0,536.249
0,0,0,537.477
0,0,0,538.703
0,0,0,539.926
0,0,0,541.154
0,0,0,542.38
0,0,0,543.605
0,0,0,544.831
0,0,0,546.055
0,0,0,547.281
0,0,0,548.506
0,0,0,549.732
0,0,0,550.956
0,0,0,552.182
0,0,0,553.407
0,0,0,554.631
0,0,0,555.857
0,0,0,557.08
0,0,0,558.305
0,0,0,559.529
0,0,0,560.752
0,0,0,561.976
0,0,0,563.2
0,0,0,564.423
0,0,0,565.644
0,0,0,566.87
0,0,0,568.094
0,0,0,569.321
0,0,0,570.547
0,0,0,571.775
0,0,0,573.002
0,0,0,574.232
0,0,0,575.477
0,0,0,576.705
0,0,0,577.932
0,0,0,579.159
0,0,0,580.383
0,0,0,581.61
0,0,0,582.84
0,0,0,584.07
0,0,0,585.299
0,0,0,586.533
0,0,0,587.76
0,0,0,588.986
0,0,0,590.211
0,0,0,591.434
0,0,0,592.658
0,0,0,593.884
0,0,0,595.111
0,0,0,596.34
0,0,0,597.572
0,0,0,598.802
0,0,0,600.033
0,0,0,601.265
0,0,0,602.503
0,0,0,603.735
0,0,0,604.964
0,0,0,606.196
0,0,0,607.429
0,0,0,608.66
0,0,0,609.891
0,0,0,611.126
0,0,0,612.461
0,0,0,613.706
0,0,0,614.939
0,0,0,616.17
0,0,0,617.402
0,0,0,618.638
0,0,0,619.868
0,0,0,621.097
0,0,0,622.327
0,0,0,623.555
0,0,0,624.782
0,0,0,626.019
0,0,0,627.25
0,0,0,628.478
0,0,0,629.708
0,0,0,630.937
0,0,0,632.165
0,0,0,633.403
0,0,0,634.657
0,0,0,635.896
0,0,0,637.128
0,0,0,638.363
0,0,0,639.597
0,0,0,640.826
0,0,0,642.062
0,0,0,643.291
0,0,0,644.521
0,0,0,645.752
0,0,0,646.983
0,0,0,648.212
0,0,0,649.451
0,0,0,650.681
0,0,0,651.911
0,0,0,653.139
0,0,0,654.369
0,0,0,655.598
0,0,0,656.832
0,0,0,658.062
0,0,0,659.294
0,0,0,660.524
0,0,0,661.754
0,0,0,662.985
0,0,0,664.215
0,0,0,665.448
0,0,0,666.679
0,0,0,667.91
0,0,0,669.14
0,0,0,670.371
0,0,0,671.6
0,0,0,672.831
0,0,0,674.064
0,0,0,675.293
0,0,0,676.521
0,0,0,677.753
0,0,0,678.983
0,0,0,680.216
0,0,0,681.448
0,0,0,682.678
0,0,0,683.908
0,0,0,685.139
0,0,0,686.368
0,0,0,687.596
0,0,0,688.827
0,0,0,690.056
0,0,0,691.287
0,0,0,692.515
0,0,0,693.746
0,0,0,694.993
0,0,0,696.229
0,0,0,697.465
0,0,0,698.698
0,0,0,699.928
0,0,0,701.158
0,0,0,702.388
0,0,0,703.621
0,0,0,704.852
0,0,0,706.085
0,0,0,707.314
0,0,0,708.545
0,0,0,709.775
0,0,0,711.009
0,0,0,712.238
0,0,0,713.469
0,0,0,714.699
0,0,0,715.929
0,0,0,717.16
0,0,0,718.39
0,0,0,719.623
0,0,0,720.853
0,0,0,722.082
0,0,0,723.311
0,0,0,724.539
0,0,0,725.762
0,0,0,726.986
0,0,0,728.209
0,0,0,729.433
0,0,0,730.655
0,0,0,731.877
0,0,0,733.098
0,0,0,734.324
0,0,0,735.546
0,0,0,736.771
0,0,0,737.994
0,0,0,739.219
0,0,0,740.44
0,0,0,741.662
0,0,0,742.888
0,0,0,744.113
0,0,0,745.338
0,0,0,746.562
0,0,0,747.784
0,0,0,749.007
0,0,0,750.234
0,0,0,751.457
0,0,0,752.679
0,0,0,753.9
0,0,0,755.141
0,0,0,756.369
0,0,0,757.599
0,0,0,758.824
0,0,0,760.054
0,0,0,761.285
0,0,0,762.517
0,0,0,763.751
0,0,0,764.982
0,0,0,766.219
0,0,0,767.449
0,0,0,768.681
0,0,0,769.914
0,0,0,771.143
0,0,0,772.373
0,0,0,773.607
0,0,0,774.836
0,0,0,776.065
0,0,0,777.294
0,0,0,778.524
0,0,0,779.755
0,0,0,780.988
0,0,0,782.217
0,0,0,783.448
0,0,0,784.678
0,0,0,785.908
0,0,0,787.138
0,0,0,788.368
0,0,0,789.603
0,0,0,790.832
0,0,0,792.057
0,0,0,793.279
0,0,0,794.502
0,0,0,795.725
0,0,0,796.951
0,0,0,798.182
0,0,0,799.414
0,0,0,800.646
0,0,0,801.881
0,0,0,803.11
0,0,0,804.34
0,0,0,805.571
0,0,0,806.802
0,0,0,808.031
0,0,0,809.261
0,0,0,810.492
0,0,0,811.727
0,0,0,812.955
0,0,0,814.178
0,0,0,815.42
0,0,0,816.648
0,0,0,817.872
0,0,0,819.097
0,0,0,820.326
0,0,0,821.55
0,0,0,822.774
0,0,0,824.004
0,0,0,825.233
0,0,0,826.458
0,0,0,827.692
0,0,0,828.923
0,0,0,830.157
0,0,0,831.388
0,0,0,832.611
0,0,0,833.838
0,0,0,835.066
0,0,0,836.471
0,0,0,837.77
0,0,0,839.02
0,0,0,840.271
0,0,0,841.539
0,0,0,842.81
0,0,0,844.086
0,0,0,845.354
0,0,0,846.625
0,0,0,847.905
0,0,0,849.18
0,0,0,850.464
0,0,0,851.772
0,0,0,853.068
0,0,0,854.359
0,0,0,855.653
0,0,0,856.94
0,0,0,858.237
0,0,0,859.539
0,0,0,860.829
0,0,0,862.12
0,0,0,863.41
0,0,0,864.7
0,0,0,865.992
0,0,0,867.287
0,0,0,868.582
0,0,0,869.864
0,0,0,871.143
0,0,0,872.422
0,0,0,873.705
0,0,0,875.013
0,0,0,876.307
0,0,0,877.593
0,0,0,878.875
0,0,0,880.157
0,0,0,881.441
0,0,0,882.72
0,0,0,884.006
0,0,0,885.275
0,0,0,886.547
0,0,0,887.818
0,0,0,889.086
0,0,0,890.357
0,0,0,891.631
0,0,0,892.9
0,0,0,894.169
0,0,0,895.44
0,0,0,896.71
0,0,0,897.973
0,0,0,899.235
0,0,0,900.499
0,0,0,901.761
0,0,0,903.023
0,0,0,904.286
0,0,0,905.554
0,0,0,906.818
0,0,0,908.08
0,0,0,909.343
0,0,0,910.604
0,0,0,911.864
0,0,0,913.126
0,0,0,914.386
0,0,0,915.651
0,0,0,916.905
0,0,0,918.158
0,0,0,919.407
0,0,0,920.66
0,0,0,921.914
0,0,0,923.172
0,0,0,924.429
0,0,0,925.681
0,0,0,926.933
0,0,0,928.185
0,0,0,929.44
0,0,0,930.693
0,0,0,931.952
0,0,0,933.208
0,0,0,934.465
0,0,0,935.738
0,0,0,936.996
0,0,0,938.24
0,0,0,939.5
0,0,0,940.754
0,0,0,942.009
0,0,0,943.26
0,0,0,944.506
0,0,0,945.752
0,0,0,946.996
0,0,0,948.245
0,0,0,949.493
0,0,0,950.74
0,0,0,951.983
0,0,0,953.227
0,0,0,954.471
0,0,0,955.719
0,0,0,956.963
0,0,0,958.208
0,0,0,959.453
0,0,0,960.697
0,0,0,961.941
0,0,0,963.188
0,0,0,964.437
0,0,0,965.687
0,0,0,966.933
0,0,0,968.181
0,0,0,969.431
0,0,0,970.676
0,0,0,971.926
0,0,0,973.173
0,0,0,974.419
0,0,0,975.662
0,0,0,976.906
0,0,0,978.153
0,0,0,979.402
0,0,0,980.648
0,0,0,981.893
0,0,0,983.13
0,0,0,984.364
0,0,0,985.603
0,0,0,986.843
0,0,0,988.081
0,0,0,989.321
0,0,0,990.559
0,0,0,991.796
0,0,0,993.032
0,0,0,994.275
0,0,0,995.53
0,0,0,996.772
0,0,0,998.015
0,0,0,999.252
0,0,0,1000.494
0,0,0,1001.733
0,0,0,1002.976
0,0,0,1004.214
0,0,0,1005.455
0,0,0,1006.692
0,0,0,1007.928
0,0,0,1009.164
0,0,0,1010.405
0,0,0,1011.64
0,0,0,1012.877
0,0,0,1014.115
0,0,0,1015.353
0,0,0,1016.589
0,0,0,1017.83
0,0,0,1019.066
0,0,0,1020.301
0,0,0,1021.542
0,0,0,1022.778
0,0,0,1024.014
0,0,0,1025.252
0,0,0,1026.491
0,0,0,1027.729
0,0,0,1028.959
0,0,0,1030.189
0,0,0,1031.423
0,0,0,1032.652
0,0,0,1033.885
0,0,0,1035.116
0,0,0,1036.344
0,0,0,1037.575
0,0,0,1038.804
0,0,0,1040.032
0,0,0,1041.264
0,0,0,1042.494
0,0,0,1043.726
0,0,0,1044.952
0,0,0,1046.181
0,0,0,1047.409
0,0,0,1048.637
0,0,0,1049.869
0,0,0,1051.099
0,0,0,1052.328
0,0,0,1053.559
0,0,0,1054.786
0,0,0,1056.032
0,0,0,1057.271
0,0,0,1058.502
0,0,0,1059.734
0,0,0,1060.966
0,0,0,1062.198
0,0,0,1063.432
0,0,0,1064.668
0,0,0,1065.905
0,0,0,1067.139
0,0,0,1068.37
0,0,0,1069.611
0,0,0,1070.848
0,0,0,1072.084
0,0,0,1073.319
0,0,0,1074.551
0,0,0,1075.781
0,0,0,1077.011
0,0,0,1078.242
0,0,0,1079.471
0,0,0,1080.704
0,0,0,1081.936
0,0,0,1083.167
0,0,0,1084.399
0,0,0,1085.63
0,0,0,1086.86
0,0,0,1088.092
0,0,0,1089.324
0,0,0,1090.553
0,0,0,1091.786
0,0,0,1093.017
0,0,0,1094.249
0,0,0,1095.483
0,0,0,1096.715
0,0,0,1097.948
0,0,0,1099.179
0,0,0,1100.411
0,0,0,1101.643
0,0,0,1102.881
0,0,0,1104.118
0,0,0,1105.352
0,0,0,1106.582
0,0,0,1107.811
0,0,0,1109.04
0,0,0,1110.269
0,0,0,1111.502
0,0,0,1112.732
0,0,0,1113.962
0,0,0,1115.216
0,0,0,1116.456
0,0,0,1117.686
0,0,0,1118.921
0,0,0,1120.152
0,0,0,1121.388
0,0,0,1122.614
0,0,0,1123.839
0,0,0,1125.063
0,0,0,1126.287
0,0,0,1127.513
0,0,0,1128.737
0,0,0,1129.96
0,0,0,1131.182
0,0,0,1132.405
0,0,0,1133.63
0,0,0,1134.857
0,0,0,1136.082
0,0,0,1137.317
0,0,0,1138.548
0,0,0,1139.779
0,0,0,1141.009
0,0,0,1142.243
0,0,0,1143.473
0,0,0,1144.698
0,0,0,1145.922
0,0,0,1147.145
0,0,0,1148.369
0,0,0,1149.596
0,0,0,1150.818
0,0,0,1152.041
0,0,0,1153.264
0,0,0,1154.488
0,0,0,1155.711
0,0,0,1156.937
0,0,0,1158.163
0,0,0,1159.384
0,0,0,1160.605
0,0,0,1161.828
0,0,0,1163.052
0,0,0,1164.275
0,0,0,1165.513
0,0,0,1166.737
0,0,0,1167.96
0,0,0,1169.184
0,0,0,1170.409
0,0,0,1171.633
0,0,0,1172.859
0,0,0,1174.084
0,0,0,1175.334
0,0,0,1176.562
0,0,0,1177.789
0,0,0,1179.013
0,0,0,1180.236
0,0,0,1181.464
0,0,0,1182.687
0,0,0,1183.91
0,0,0,1185.133
0,0,0,1186.357
0,0,0,1187.58
0,0,0,1188.807
0,0,0,1190.035
0,0,0,1191.258
0,0,0,1192.479
0,0,0,1193.704
0,0,0,1194.927
0,0,0,1196.154
0,0,0,1197.379
0,0,0,1198.603
0,0,0,1199.826
0,0,0,1201.049
0,0,0,1202.273
0,0,0,1203.498
0,0,0,1204.727
0,0,0,1205.952
0,0,0,1207.177
0,0,0,1208.399
0,0,0,1209.622
0,0,0,1210.845
0,0,0,1212.074
0,0,0,1213.297
0,0,0,1214.519
0,0,0,1215.74
0,0,0,1216.964
0,0,0,1218.187
0,0,0,1219.411
0,0,0,1220.632
0,0,0,1221.854
0,0,0,1223.076
0,0,0,1224.299
0,0,0,1225.525
0,0,0,1226.751
0,0,0,1227.975
0,0,0,1229.196
0,0,0,1230.419
0,0,0,1231.644
0,0,0,1232.87
0,0,0,1234.093
0,0,0,1235.345
0,0,0,1236.578
0,0,0,1237.803
0,0,0,1239.026
0,0,0,1240.252
0,0,0,1241.478
0,0,0,1242.703
0,0,0,1243.926
0,0,0,1245.15
0,0,0,1246.375
0,0,0,1247.597
0,0,0,1248.822
0,0,0,1250.052
0,0,0,1251.275
0,0,0,1252.5
0,0,0,1253.724
0,0,0,1254.946
0,0,0,1256.167
0,0,0,1257.392
0,0,0,1258.616
0,0,0,1259.84
0,0,0,1261.063
0,0,0,1262.289
0,0,0,1263.513
0,0,0,1264.735
0,0,0,1265.96
0,0,0,1267.188
0,0,0,1268.412
0,0,0,1269.637
0,0,0,1270.858
0,0,0,1272.079
0,0,0,1273.306
0,0,0,1274.53
0,0,0,1275.753
0,0,0,1276.977
0,0,0,1278.201
0,0,0,1279.423
0,0,0,1280.672
0,0,0,1281.903
0,0,0,1283.131
0,0,0,1284.458
0,0,0,1285.717
0,0,0,1286.951
0,0,0,1288.187
0,0,0,1289.433
0,0,0,1290.667
0,0,0,1291.908
0,0,0,1293.147
0,0,0,1294.397
0,0,0,1295.667
0,0,0,1296.923
0,0,0,1298.186
0,0,0,1299.448
0,0,0,1300.705
0,0,0,1301.969
0,0,0,1303.243
0,0,0,1304.508
0,0,0,1305.776
0,0,0,1307.046
0,0,0,1308.328
0,0,0,1309.605
0,0,0,1310.878
0,0,0,1312.165
0,0,0,1313.455
0,0,0,1314.741
0,0,0,1316.024
0,0,0,1317.308
0,0,0,1318.588
0,0,0,1319.87
0,0,0,1321.156
0,0,0,1322.436
0,0,0,1323.72
0,0,0,1325.001
0,0,0,1326.28
0,0,0,1327.558
0,0,0,1328.848
0,0,0,1330.149
0,0,0,1331.442
0,0,0,1332.728
0,0,0,1334.027
0,0,0,1335.317
0,0,0,1336.615
0,0,0,1337.917
0,0,0,1339.21
0,0,0,1340.503
0,0,0,1341.8
0,0,0,1343.099
0,0,0,1344.406
0,0,0,1345.712
0,0,0,1347.01
0,0,0,1348.312
0,0,0,1349.611
0,0,0,1350.913
0,0,0,1352.217
0,0,0,1353.524
0,0,0,1354.811
0,0,0,1356.125
0,0,0,1357.423
0,0,0,1358.712
0,0,0,1360.001
0,0,0,1361.291
0,0,0,1362.585
0,0,0,1363.874
0,0,0,1365.165
0,0,0,1366.455
0,0,0,1367.746
0,0,0,1369.038
0,0,0,1370.334
0,0,0,1371.625
0,0,0,1372.902
0,0,0,1374.181
0,0,0,1375.462
0,0,0,1376.739
0,0,0,1378.022
0,0,0,1379.301
0,0,0,1380.579
0,0,0,1381.848
0,0,0,1383.115
0,0,0,1384.385
0,0,0,1385.658
0,0,0,1386.93
0,0,0,1388.197
0,0,0,1389.47
0,0,0,1390.741
0,0,0,1392.009
0,0,0,1393.28
0,0,0,1394.555
0,0,0,1395.826
0,0,0,1397.097
0,0,0,1398.364
0,0,0,1399.635
0,0,0,1400.903
0,0,0,1402.174
0,0,0,1403.443
0,0,0,1404.71
0,0,0,1405.979
0,0,0,1407.248
0,0,0,1408.515
0,0,0,1409.777
0,0,0,1411.034
0,0,0,1412.295
0,0,0,1413.558
0,0,0,1414.817
0,0,0,1416.094
0,0,0,1417.363
0,0,0,1418.627
0,0,0,1419.887
0,0,0,1421.15
0,0,0,1422.41
0,0,0,1423.663
0,0,0,1424.914
0,0,0,1426.168
0,0,0,1427.421
0,0,0,1428.673
0,0,0,1429.93
0,0,0,1431.187
0,0,0,1432.44
0,0,0,1433.698
0,0,0,1434.95
0,0,0,1436.202
0,0,0,1437.456
0,0,0,1438.706
0,0,0,1439.956
0,0,0,1441.199
0,0,0,1442.447
0,0,0,1443.691
0,0,0,1444.934
0,0,0,1446.179
0,0,0,1447.424
0,0,0,1448.668
0,0,0,1449.919
0,0,0,1451.163
0,0,0,1452.407
0,0,0,1453.66
0,0,0,1454.941
0,0,0,1456.203
0,0,0,1457.481
0,0,0,1458.747
0,0,0,1460.017
0,0,0,1461.34
0,0,0,1462.708
0,0,0,1464.035
0,0,0,1465.348
0,0,0,1466.682
0,0,0,1467.978
0,0,0,1469.292
0,0,0,1470.61
0,0,0,1471.919
0,0,0,1473.259
0,0,0,1474.572
0,0,0,1475.899
0,0,0,1477.206
0,0,0,1478.507
0,0,0,1479.808
0,0,0,1481.108
0,0,0,1482.415
0,0,0,1483.716
0,0,0,1485.015
0,0,0,1486.318
0,0,0,1487.611
0,0,0,1488.899
0,0,0,1490.19
0,0,0,1491.477
0,0,0,1492.764
0,0,0,1494.053
0,0,0,1495.34
0,0,0,1496.626
0,0,0,1497.915
0,0,0,1499.198
0,0,0,1500.479
0,0,0,1501.759
0,0,0,1503.041
0,0,0,1504.321
0,0,0,1505.601
0,0,0,1506.883
0,0,0,1508.161
0,0,0,1509.444
0,0,0,1510.721
0,0,0,1511.997
0,0,0,1513.266
0,0,0,1514.538
0,0,0,1515.804
0,0,0,1517.072
0,0,0,1518.34
0,0,0,1519.608
0,0,0,1520.877
0,0,0,1522.145
0,0,0,1523.409
0,0,0,1524.67
0,0,0,1525.929
0,0,0,1527.188
0,0,0,1528.449
0,0,0,1529.708
0,0,0,1530.973
0,0,0,1532.232
0,0,0,1533.494
0,0,0,1534.752
0,0,0,1536.03
0,0,0,1537.292
0,0,0,1538.558
0,0,0,1539.822
0,0,0,1541.082
0,0,0,1542.342
0,0,0,1543.603
0,0,0,1544.862
0,0,0,1546.124
0,0,0,1547.385
0,0,0,1548.637
0,0,0,1549.888
0,0,0,1551.14
0,0,0,1552.391
0,0,0,1553.643
0,0,0,1554.898
0,0,0,1556.152
0,0,0,1557.409
0,0,0,1558.664
0,0,0,1559.917
0,0,0,1561.167
0,0,0,1562.426
0,0,0,1563.678
0,0,0,1564.93
0,0,0,1566.187
0,0,0,1567.438
0,0,0,1568.681
0,0,0,1569.928
0,0,0,1571.174
0,0,0,1572.415
0,0,0,1573.66
0,0,0,1574.904
0,0,0,1576.147
0,0,0,1577.393
0,0,0,1578.639
0,0,0,1579.885
0,0,0,1581.128
0,0,0,1582.371
0,0,0,1583.613
0,0,0,1584.855
0,0,0,1586.093
0,0,0,1587.329
0,0,0,1588.563
0,0,0,1589.799
0,0,0,1591.034
0,0,0,1592.268
0,0,0,1593.508
0,0,0,1594.744
0,0,0,1596.001
0,0,0,1597.244
0,0,0,1598.48
0,0,0,1599.719
0,0,0,1600.954
0,0,0,1602.199
0,0,0,1603.438
0,0,0,1604.683
0,0,0,1605.93
0,0,0,1607.177
0,0,0,1608.423
0,0,0,1609.673
0,0,0,1610.919
0,0,0,1612.274
0,0,0,1613.543
0,0,0,1614.799
0,0,0,1616.051
0,0,0,1617.314
0,0,0,1618.566
0,0,0,1619.809
0,0,0,1621.052
0,0,0,1622.297
0,0,0,1623.541
0,0,0,1624.785
0,0,0,1626.032
0,0,0,1627.278
0,0,0,1628.522
0,0,0,1629.767
0,0,0,1631.015
0,0,0,1632.263
0,0,0,1633.515
0,0,0,1634.761
0,0,0,1636.005
0,0,0,1637.248
0,0,0,1638.494
0,0,0,1639.739
0,0,0,1640.986
0,0,0,1642.228
0,0,0,1643.471
0,0,0,1644.714
0,0,0,1645.953
0,0,0,1647.189
0,0,0,1648.428
0,0,0,1649.666
0,0,0,1650.902
0,0,0,1652.138
0,0,0,1653.374
0,0,0,1654.609
0,0,0,1655.874
0,0,0,1657.128
0,0,0,1658.368
0,0,0,1659.605
0,0,0,1660.841
0,0,0,1662.077
0,0,0,1663.312
0,0,0,1664.551
0,0,0,1665.788
0,0,0,1667.024
0,0,0,1668.258
0,0,0,1669.497
0,0,0,1670.735
0,0,0,1671.973
0,0,0,1673.21
0,0,0,1674.447
0,0,0,1675.681
0,0,0,1676.917
0,0,0,1678.153
0,0,0,1679.386
0,0,0,1680.625
0,0,0,1681.863
0,0,0,1683.096
0,0,0,1684.331
0,0,0,1685.567
0,0,0,1686.8
0,0,0,1688.038
0,0,0,1689.267
0,0,0,1690.495
0,0,0,1691.732
0,0,0,1692.962
0,0,0,1694.198
0,0,0,1695.438
0,0,0,1696.674
0,0,0,1697.91
0,0,0,1699.139
0,0,0,1700.369
0,0,0,1701.598
0,0,0,1702.826
0,0,0,1704.056
0,0,0,1705.283
0,0,0,1706.511
0,0,0,1707.739
0,0,0,1708.967
0,0,0,1710.195
0,0,0,1711.426
0,0,0,1712.653
0,0,0,1713.88
0,0,0,1715.108
0,0,0,1716.353
0,0,0,1717.584
0,0,0,1718.813
0,0,0,1720.042
0,0,0,1721.269
0,0,0,1722.492
0,0,0,1723.712
0,0,0,1724.936
0,0,0,1726.156
0,0,0,1727.38
0,0,0,1728.602
0,0,0,1729.826
0,0,0,1731.048
0,0,0,1732.271
0,0,0,1733.499
0,0,0,1734.725
0,0,0,1735.948
0,0,0,1737.17
0,0,0,1738.391
0,0,0,1739.613
0,0,0,1740.835
0,0,0,1742.061
0,0,0,1743.284
0,0,0,1744.506
0,0,0,1745.729
0,0,0,1746.952
0,0,0,1748.175
0,0,0,1749.401
0,0,0,1750.624
0,0,0,1751.846
0,0,0,1753.071
0,0,0,1754.296
0,0,0,1755.512
0,0,0,1756.731
0,0,0,1757.95
0,0,0,1759.167
0,0,0,1760.389
0,0,0,1761.614
0,0,0,1762.836
0,0,0,1764.058
0,0,0,1765.284
0,0,0,1766.507
0,0,0,1767.733
0,0,0,1768.955
0,0,0,1770.181
0,0,0,1771.403
0,0,0,1772.63
0,0,0,1773.847
0,0,0,1775.064
0,0,0,1776.299
0,0,0,1777.522
0,0,0,1778.742
0,0,0,1779.96
0,0,0,1781.179
0,0,0,1782.396
0,0,0,1783.621
0,0,0,1784.843
0,0,0,1786.062
0,0,0,1787.278
0,0,0,1788.495
0,0,0,1789.713
0,0,0,1790.931
0,0,0,1792.145
0,0,0,1793.361
0,0,0,1794.578
0,0,0,1795.797
0,0,0,1797.013
0,0,0,1798.234
0,0,0,1799.455
0,0,0,1800.673
0,0,0,1801.897
0,0,0,1803.118
0,0,0,1804.347
0,0,0,1805.571
0,0,0,1806.786
0,0,0,1808.001
0,0,0,1809.218
0,0,0,1810.435
0,0,0,1811.653
0,0,0,1812.868
0,0,0,1814.083
0,0,0,1815.298
0,0,0,1816.516
0,0,0,1817.731
0,0,0,1818.949
0,0,0,1820.165
0,0,0,1821.383
0,0,0,1822.604
0,0,0,1823.823
0,0,0,1825.041
0,0,0,1826.262
0,0,0,1827.482
0,0,0,1828.7
0,0,0,1829.918
0,0,0,1831.137
0,0,0,1832.353
0,0,0,1833.57
0,0,0,1834.789
0,0,0,1836.006
0,0,0,1837.237
0,0,0,1838.456
0,0,0,1839.673
0,0,0,1840.889
0,0,0,1842.109
0,0,0,1843.326
0,0,0,1844.542
0,0,0,1845.757
0,0,0,1846.974
0,0,0,1848.19
0,0,0,1849.41
0,0,0,1850.626
0,0,0,1851.842
0,0,0,1853.059
0,0,0,1854.275
0,0,0,1855.492
0,0,0,1856.71
0,0,0,1857.932
0,0,0,1859.149
0,0,0,1860.364
0,0,0,1861.58
0,0,0,1862.794
0,0,0,1864.012
0,0,0,1865.229
0,0,0,1866.446
0,0,0,1867.661
0,0,0,1868.876
0,0,0,1870.093
0,0,0,1871.306
0,0,0,1872.523
0,0,0,1873.74
0,0,0,1874.957
0,0,0,1876.174
0,0,0,1877.389
0,0,0,1878.604
0,0,0,1879.82
0,0,0,1881.039
0,0,0,1882.253
0,0,0,1883.47
0,0,0,1884.685
0,0,0,1885.901
0,0,0,1887.114
0,0,0,1888.325
0,0,0,1889.537
0,0,0,1890.747
0,0,0,1891.965
0,0,0,1893.181
0,0,0,1894.397
0,0,0,1895.616
0,0,0,1896.851
0,0,0,1898.071
0,0,0,1899.29
0,0,0,1900.507
0,0,0,1901.724
0,0,0,1902.942
0,0,0,1904.159
0,0,0,1905.378
0,0,0,1906.595
0,0,0,1907.811
0,0,0,1909.026
0,0,0,1910.242
0,0,0,1911.459
0,0,0,1912.673
0,0,0,1913.888
0,0,0,1915.104
0,0,0,1916.318
0,0,0,1917.533
0,0,0,1918.754
0,0,0,1919.969
0,0,0,1921.184
0,0,0,1922.402
0,0,0,1923.619
0,0,0,1924.832
0,0,0,1926.051
0,0,0,1927.267
0,0,0,1928.482
0,0,0,1929.697
0,0,0,1930.916
0,0,0,1932.133
0,0,0,1933.353
0,0,0,1934.57
0,0,0,1935.785
0,0,0,1937
0,0,0,1938.216
0,0,0,1939.433
0,0,0,1940.649
0,0,0,1941.868
0,0,0,1943.084
0,0,0,1944.3
0,0,0,1945.518
0,0,0,1946.732
0,0,0,1947.948
0,0,0,1949.166
0,0,0,1950.381
0,0,0,1951.599
0,0,0,1952.808
0,0,0,1954.018
0,0,0,1955.228
0,0,0,1956.461
0,0,0,1957.683
0,0,0,1958.9
0,0,0,1960.116
0,0,0,1961.335
0,0,0,1962.551
0,0,0,1963.766
0,0,0,1964.985
0,0,0,1966.201
0,0,0,1967.417
0,0,0,1968.635
0,0,0,1969.851
0,0,0,1971.069
0,0,0,1972.286
0,0,0,1973.506
0,0,0,1974.722
0,0,0,1975.936
0,0,0,1977.153
0,0,0,1978.371
0,0,0,1979.589
0,0,0,1980.804
0,0,0,1982.02
0,0,0,1983.235
0,0,0,1984.454
0,0,0,1985.674
0,0,0,1986.897
0,0,0,1988.12
0,0,0,1989.352
0,0,0,1990.58
0,0,0,1991.803
0,0,0,1993.027
0,0,0,1994.249
0,0,0,1995.475
0,0,0,1996.705
0,0,0,1997.934
0,0,0,1999.163
0,0,0,2000.392
0,0,0,2001.62
0,0,0,2002.853
0,0,0,2004.082
0,0,0,2005.313
0,0,0,2006.542
0,0,0,2007.772
0,0,0,2008.996
0,0,0,2010.218
0,0,0,2011.442
0,0,0,2012.663
0,0,0,2013.886
0,0,0,2015.108
0,0,0,2016.33
0,0,0,2017.571
0,0,0,2018.8
0,0,0,2020.024
0,0,0,2021.248
0,0,0,2022.472
0,0,0,2023.696
0,0,0,2024.917
0,0,0,2026.143
0,0,0,2027.368
0,0,0,2028.59
0,0,0,2029.814
0,0,0,2031.037
0,0,0,2032.258
0,0,0,2033.481
0,0,0,2034.706
0,0,0,2035.926
0,0,0,2037.149
0,0,0,2038.37
0,0,0,2039.591
0,0,0,2040.813
0,0,0,2042.038
0,0,0,2043.259
0,0,0,2044.478
0,0,0,2045.703
0,0,0,2046.925
0,0,0,2048.145
0,0,0,2049.373
0,0,0,2050.596
0,0,0,2051.814
0,0,0,2053.034
0,0,0,2054.257
0,0,0,2055.472
0,0,0,2056.689
0,0,0,2057.908
0,0,0,2059.123
0,0,0,2060.338
0,0,0,2061.555
0,0,0,2062.772
0,0,0,2063.988
0,0,0,2065.206
0,0,0,2066.423
0,0,0,2067.64
0,0,0,2068.871
0,0,0,2070.131
0,0,0,2071.362
0,0,0,2072.602
0,0,0,2073.846
0,0,0,2075.094
0,0,0,2076.354
0,0,0,2077.648
0,0,0,2078.924
0,0,0,2080.198
0,0,0,2081.482
0,0,0,2082.765
0,0,0,2084.044
0,0,0,2085.343
0,0,0,2086.625
0,0,0,2087.901
0,0,0,2089.184
0,0,0,2090.464
0,0,0,2091.743
0,0,0,2093.023
0,0,0,2094.305
0,0,0,2095.583
0,0,0,2096.869
0,0,0,2098.14
0,0,0,2099.409
0,0,0,2100.679
0,0,0,2101.947
0,0,0,2103.213
0,0,0,2104.485
0,0,0,2105.755
0,0,0,2107.013
0,0,0,2108.269
0,0,0,2109.532
0,0,0,2110.791
0,0,0,2112.051
0,0,0,2113.317
0,0,0,2114.576
0,0,0,2115.833
0,0,0,2117.083
0,0,0,2118.334
0,0,0,2119.583
0,0,0,2120.835
0,0,0,2122.086
0,0,0,2123.337
0,0,0,2124.589
0,0,0,2125.838
0,0,0,2127.081
0,0,0,2128.327
0,0,0,2129.57
0,0,0,2130.813
0,0,0,2132.055
0,0,0,2133.298
0,0,0,2134.54
0,0,0,2135.786
0,0,0,2137.053
0,0,0,2138.303
0,0,0,2139.545
0,0,0,2140.788
0,0,0,2142.029
0,0,0,2143.272
0,0,0,2144.51
0,0,0,2145.746
0,0,0,2146.98
0,0,0,2148.216
0,0,0,2149.453
0,0,0,2150.689
0,0,0,2151.926
0,0,0,2153.16
0,0,0,2154.397
0,0,0,2155.633
0,0,0,2156.869
0,0,0,2158.106
0,0,0,2159.347
0,0,0,2160.584
0,0,0,2161.821
0,0,0,2163.056
0,0,0,2164.285
0,0,0,2165.516
0,0,0,2166.743
0,0,0,2167.975
0,0,0,2169.203
0,0,0,2170.431
0,0,0,2171.66
0,0,0,2172.889
0,0,0,2174.118
0,0,0,2175.349
0,0,0,2176.576
0,0,0,2177.806
0,0,0,2179.036
0,0,0,2180.263
0,0,0,2181.494
0,0,0,2182.726
0,0,0,2183.954
0,0,0,2185.183
0,0,0,2186.412
0,0,0,2187.641
0,0,0,2188.869
0,0,0,2190.096
0,0,0,2191.332
0,0,0,2192.561
0,0,0,2193.787
0,0,0,2195.01
0,0,0,2196.232
0,0,0,2197.475
0,0,0,2198.706
0,0,0,2199.937
0,0,0,2201.167
0,0,0,2202.397
0,0,0,2203.625
0,0,0,2204.853
0,0,0,2206.079
0,0,0,2207.301
0,0,0,2208.524
0,0,0,2209.747
0,0,0,2210.969
0,0,0,2212.193
0,0,0,2213.425
0,0,0,2214.652
0,0,0,2215.873
0,0,0,2217.099
0,0,0,2218.325
0,0,0,2219.548
0,0,0,2220.772
0,0,0,2222.001
0,0,0,2223.225
0,0,0,2224.446
0,0,0,2225.67
0,0,0,2226.894
0,0,0,2228.116
0,0,0,2229.348
0,0,0,2230.571
0,0,0,2231.795
0,0,0,2233.019
0,0,0,2234.246
0,0,0,2235.469
0,0,0,2236.693
0,0,0,2237.921
0,0,0,2239.144
0,0,0,2240.366
0,0,0,2241.588
0,0,0,2242.804
0,0,0,2244.019
0,0,0,2245.237
0,0,0,2246.453
0,0,0,2247.668
0,0,0,2248.881
0,0,0,2250.095
0,0,0,2251.31
0,0,0,2252.528
0,0,0,2253.744
0,0,0,2254.962
0,0,0,2256.177
0,0,0,2257.409
0,0,0,2258.628
0,0,0,2259.848
0,0,0,2261.064
0,0,0,2262.281
0,0,0,2263.498
0,0,0,2264.714
0,0,0,2265.928
0,0,0,2267.145
0,0,0,2268.362
0,0,0,2269.579
0,0,0,2270.795
0,0,0,2272.011
0,0,0,2273.225
0,0,0,2274.445
0,0,0,2275.663
0,0,0,2276.879
0,0,0,2278.095
0,0,0,2279.31
0,0,0,2280.525
0,0,0,2281.74
0,0,0,2282.958
0,0,0,2284.174
0,0,0,2285.391
0,0,0,2286.607
0,0,0,2287.825
0,0,0,2289.041
0,0,0,2290.256
0,0,0,2291.474
0,0,0,2292.691
0,0,0,2293.907
0,0,0,2295.123
0,0,0,2296.343
0,0,0,2297.559
0,0,0,2298.78
0,0,0,2299.995
0,0,0,2301.212
0,0,0,2302.428
0,0,0,2303.643
0,0,0,2304.859
0,0,0,2306.079
0,0,0,2307.294
0,0,0,2308.507
0,0,0,2309.723
0,0,0,2310.939
0,0,0,2312.152
0,0,0,2313.368
0,0,0,2314.588
0,0,0,2315.804
0,0,0,2317.047
0,0,0,2318.27
0,0,0,2319.487
0,0,0,2320.701
0,0,0,2321.924
0,0,0,2323.141
0,0,0,2324.358
0,0,0,2325.576
0,0,0,2326.793
0,0,0,2328.011
0,0,0,2329.233
0,0,0,2330.45
0,0,0,2331.667
0,0,0,2332.883
0,0,0,2334.098
0,0,0,2335.312
0,0,0,2336.53
0,0,0,2337.747
0,0,0,2338.963
0,0,0,2340.181
0,0,0,2341.399
0,0,0,2342.615
0,0,0,2343.832
0,0,0,2345.05
0,0,0,2346.267
0,0,0,2347.485
0,0,0,2348.704
0,0,0,2349.923
0,0,0,2351.139
0,0,0,2352.356
0,0,0,2353.566
0,0,0,2354.775
0,0,0,2355.987
0,0,0,2357.196
0,0,0,2358.408
0,0,0,2359.627
0,0,0,2360.842
0,0,0,2362.057
0,0,0,2363.273
0,0,0,2364.489
0,0,0,2365.707
0,0,0,2366.921
0,0,0,2368.141
0,0,0,2369.358
0,0,0,2370.574
0,0,0,2371.789
0,0,0,2373.007
0,0,0,2374.228
0,0,0,2375.448
0,0,0,2376.665
0,0,0,2377.897
0,0,0,2379.117
0,0,0,2380.333
0,0,0,2381.549
0,0,0,2382.769
0,0,0,2383.986
0,0,0,2385.203
0,0,0,2386.419
0,0,0,2387.635
0,0,0,2388.852
0,0,0,2390.067
0,0,0,2391.286
0,0,0,2392.501
0,0,0,2393.715
0,0,0,2394.939
0,0,0,2396.162
0,0,0,2397.381
0,0,0,2398.605
0,0,0,2399.822
0,0,0,2401.039
0,0,0,2402.265
0,0,0,2403.481
0,0,0,2404.712
0,0,0,2405.939
0,0,0,2407.155
0,0,0,2408.372
0,0,0,2409.586
0,0,0,2410.803
0,0,0,2412.019
0,0,0,2413.238
0,0,0,2414.455
0,0,0,2415.67
0,0,0,2416.886
0,0,0,2418.102
0,0,0,2419.317
0,0,0,2420.532
0,0,0,2421.75
0,0,0,2422.967
0,0,0,2424.182
0,0,0,2425.397
0,0,0,2426.614
0,0,0,2427.831
0,0,0,2429.048
0,0,0,2430.265
0,0,0,2431.483
0,0,0,2432.697
0,0,0,2433.913
0,0,0,2435.128
0,0,0,2436.345
0,0,0,2437.583
0,0,0,2438.803
0,0,0,2440.02
0,0,0,2441.237
0,0,0,2442.452
0,0,0,2443.669
0,0,0,2444.889
0,0,0,2446.105
0,0,0,2447.319
0,0,0,2448.535
0,0,0,2449.75
0,0,0,2450.967
0,0,0,2452.181
0,0,0,2453.394
0,0,0,2454.605
0,0,0,2455.816
0,0,0,2457.029
0,0,0,2458.243
0,0,0,2459.462
0,0,0,2460.672
0,0,0,2461.883
0,0,0,2463.093
0,0,0,2464.31
0,0,0,2465.53
0,0,0,2466.745
0,0,0,2467.963
0,0,0,2469.18
0,0,0,2470.398
0,0,0,2471.614
0,0,0,2472.83
0,0,0,2474.045
0,0,0,2475.264
0,0,0,2476.473
0,0,0,2477.685
0,0,0,2478.895
0,0,0,2480.105
0,0,0,2481.315
0,0,0,2482.527
0,0,0,2483.736
0,0,0,2484.945
0,0,0,2486.158
0,0,0,2487.369
0,0,0,2488.579
0,0,0,2489.793
0,0,0,2491.004
0,0,0,2492.22
0,0,0,2493.439
0,0,0,2494.656
0,0,0,2495.871
0,0,0,2497.11
0,0,0,2498.342
0,0,0,2499.558
0,0,0,2500.776
0,0,0,2501.993
0,0,0,2503.211
0,0,0,2504.427
0,0,0,2505.649
0,0,0,2506.866
0,0,0,2508.081
0,0,0,2509.297
0,0,0,2510.513
0,0,0,2511.729
0,0,0,2512.947
0,0,0,2514.165
0,0,0,2515.381
0,0,0,2516.597
0,0,0,2517.813
0,0,0,2519.028
0,0,0,2520.236
0,0,0,2521.453
0,0,0,2522.664
0,0,0,2523.873
0,0,0,2525.084
0,0,0,2526.296
0,0,0,2527.516
0,0,0,2528.737
0,0,0,2529.954
0,0,0,2531.172
0,0,0,2532.389
0,0,0,2533.609
0,0,0,2534.826
0,0,0,2536.046
0,0,0,2537.262
0,0,0,2538.478
0,0,0,2539.688
0,0,0,2540.899
0,0,0,2542.108
0,0,0,2543.319
0,0,0,2544.532
0,0,0,2545.744
0,0,0,2546.956
0,0,0,2548.165
0,0,0,2549.377
0,0,0,2550.587
0,0,0,2551.801
0,0,0,2553.014
0,0,0,2554.225
0,0,0,2555.435
0,0,0,2556.645
0,0,0,2557.872
0,0,0,2559.088
0,0,0,2560.301
0,0,0,2561.526
0,0,0,2562.743
0,0,0,2563.959
0,0,0,2565.177
0,0,0,2566.398
0,0,0,2567.615
0,0,0,2568.833
0,0,0,2570.05
0,0,0,2571.264
0,0,0,2572.482
0,0,0,2573.701
0,0,0,2574.919
0,0,0,2576.137
0,0,0,2577.355
0,0,0,2578.571
0,0,0,2579.787
0,0,0,2581.003
0,0,0,2582.222
0,0,0,2583.439
0,0,0,2584.655
0,0,0,2585.871
0,0,0,2587.087
0,0,0,2588.303
0,0,0,2589.528
0,0,0,2590.751
0,0,0,2591.973
0,0,0,2593.194
0,0,0,2594.418
0,0,0,2595.641
0,0,0,2596.87
0,0,0,2598.101
0,0,0,2599.328
0,0,0,2600.557
0,0,0,2601.788
0,0,0,2603.016
0,0,0,2604.252
0,0,0,2605.495
0,0,0,2606.732
0,0,0,2607.967
0,0,0,2609.202
0,0,0,2610.438
0,0,0,2611.674
0,0,0,2613.021
0,0,0,2614.273
0,0,0,2615.511
0,0,0,2616.747
0,0,0,2618.005
0,0,0,2619.244
0,0,0,2620.482
0,0,0,2621.724
0,0,0,2622.959
0,0,0,2624.195
0,0,0,2625.442
0,0,0,2626.684
0,0,0,2627.927
0,0,0,2629.173
0,0,0,2630.424
0,0,0,2631.671
0,0,0,2632.914
0,0,0,2634.158
0,0,0,2635.406
0,0,0,2636.655
0,0,0,2637.898
0,0,0,2639.152
0,0,0,2640.403
0,0,0,2641.653
0,0,0,2642.912
0,0,0,2644.166
0,0,0,2645.424
0,0,0,2646.678
0,0,0,2647.928
0,0,0,2649.179
0,0,0,2650.432
0,0,0,2651.682
0,0,0,2652.938
0,0,0,2654.193
0,0,0,2655.445
0,0,0,2656.698
0,0,0,2657.948
0,0,0,2659.199
0,0,0,2660.452
0,0,0,2661.704
0,0,0,2662.956
0,0,0,2664.205
0,0,0,2665.46
0,0,0,2666.712
0,0,0,2667.965
0,0,0,2669.215
0,0,0,2670.467
0,0,0,2671.716
0,0,0,2672.965
0,0,0,2674.217
0,0,0,2675.468
0,0,0,2676.719
0,0,0,2677.994
0,0,0,2679.251
0,0,0,2680.503
0,0,0,2681.756
0,0,0,2683.005
0,0,0,2684.259
0,0,0,2685.513
0,0,0,2686.76
0,0,0,2688.012
0,0,0,2689.261
0,0,0,2690.521
0,0,0,2691.783
0,0,0,2693.042
0,0,0,2694.305
0,0,0,2695.565
0,0,0,2696.825
0,0,0,2698.092
0,0,0,2699.353
0,0,0,2700.616
0,0,0,2701.878
0,0,0,2703.134
0,0,0,2704.391
0,0,0,2705.651
0,0,0,2706.908
0,0,0,2708.17
0,0,0,2709.43
0,0,0,2710.69
0,0,0,2711.948
0,0,0,2713.198
0,0,0,2714.449
0,0,0,2715.702
0,0,0,2716.952
0,0,0,2718.205
0,0,0,2719.454
0,0,0,2720.706
0,0,0,2721.957
0,0,0,2723.209
0,0,0,2724.469
0,0,0,2725.73
0,0,0,2726.99
0,0,0,2728.25
0,0,0,2729.512
0,0,0,2730.774
0,0,0,2732.034
0,0,0,2733.295
0,0,0,2734.555
0,0,0,2735.813
0,0,0,2737.073
0,0,0,2738.352
0,0,0,2739.617
0,0,0,2740.877
0,0,0,2742.139
0,0,0,2743.399
0,0,0,2744.659
0,0,0,2745.918
0,0,0,2747.182
0,0,0,2748.443
0,0,0,2749.702
0,0,0,2750.963
0,0,0,2752.224
0,0,0,2753.485
0,0,0,2754.745
0,0,0,2756.009
0,0,0,2757.27
0,0,0,2758.529
0,0,0,2759.788
0,0,0,2761.049
0,0,0,2762.309
0,0,0,2763.573
0,0,0,2764.835
0,0,0,2766.094
0,0,0,2767.356
0,0,0,2768.616
0,0,0,2769.877
0,0,0,2771.142
0,0,0,2772.4
0,0,0,2773.659
0,0,0,2774.918
0,0,0,2776.179
0,0,0,2777.442
0,0,0,2778.701
0,0,0,2779.962
0,0,0,2781.22
0,0,0,2782.479
0,0,0,2783.738
0,0,0,2784.995
0,0,0,2786.255
0,0,0,2787.52
0,0,0,2788.779
0,0,0,2790.04
0,0,0,2791.298
0,0,0,2792.556
0,0,0,2793.814
0,0,0,2795.075
0,0,0,2796.339
0,0,0,2797.626
0,0,0,2798.897
0,0,0,2800.161
0,0,0,2801.428
0,0,0,2802.689
0,0,0,2803.952
0,0,0,2805.213
0,0,0,2806.474
0,0,0,2807.733
0,0,0,2808.992
0,0,0,2810.253
0,0,0,2811.515
0,0,0,2812.775
0,0,0,2814.034
0,0,0,2815.293
0,0,0,2816.554
0,0,0,2817.813
0,0,0,2819.075
0,0,0,2820.336
0,0,0,2821.6
0,0,0,2822.858
0,0,0,2824.121
0,0,0,2825.387
0,0,0,2826.655
0,0,0,2827.917
0,0,0,2829.174
0,0,0,2830.433
0,0,0,2831.691
0,0,0,2832.952
0,0,0,2834.211
0,0,0,2835.474
0,0,0,2836.733
0,0,0,2837.994
0,0,0,2839.253
0,0,0,2840.512
0,0,0,2841.773
0,0,0,2843.035
0,0,0,2844.293
0,0,0,2845.555
0,0,0,2846.814
0,0,0,2848.072
0,0,0,2849.332
0,0,0,2850.595
0,0,0,2851.855
0,0,0,2853.115
0,0,0,2854.375
0,0,0,2855.637
0,0,0,2856.897
0,0,0,2858.175
0,0,0,2859.443
0,0,0,2860.704
0,0,0,2861.965
0,0,0,2863.225
0,0,0,2864.484
0,0,0,2865.742
0,0,0,2867.003
0,0,0,2868.261
0,0,0,2869.522
0,0,0,2870.783
0,0,0,2872.039
0,0,0,2873.298
0,0,0,2874.562
0,0,0,2875.821
0,0,0,2877.08
0,0,0,2878.343
0,0,0,2879.601
0,0,0,2880.859
0,0,0,2882.118
0,0,0,2883.38
0,0,0,2884.638
0,0,0,2885.897
0,0,0,2887.157
0,0,0,2888.419
0,0,0,2889.677
0,0,0,2890.937
0,0,0,2892.201
0,0,0,2893.467
0,0,0,2894.726
0,0,0,2895.987
0,0,0,2897.248
0,0,0,2898.508
0,0,0,2899.768
0,0,0,2901.028
0,0,0,2902.289
0,0,0,2903.547
0,0,0,2904.808
0,0,0,2906.069
0,0,0,2907.33
0,0,0,2908.589
0,0,0,2909.848
0,0,0,2911.105
0,0,0,2912.363
0,0,0,2913.623
0,0,0,2914.885
0,0,0,2916.145
0,0,0,2917.406
0,0,0,2918.683
0,0,0,2919.947
0,0,0,2921.206
0,0,0,2922.466
0,0,0,2923.73
0,0,0,2924.987
0,0,0,2926.248
0,0,0,2927.507
0,0,0,2928.767
0,0,0,2930.028
0,0,0,2931.289
0,0,0,2932.549
0,0,0,2933.812
0,0,0,2935.071
0,0,0,2936.328
0,0,0,2937.586
0,0,0,2938.847
0,0,0,2940.107
0,0,0,2941.373
0,0,0,2942.632
0,0,0,2943.891
0,0,0,2945.149
0,0,0,2946.412
0,0,0,2947.67
0,0,0,2948.929
0,0,0,2950.19
0,0,0,2951.449
0,0,0,2952.708
0,0,0,2953.975
0,0,0,2955.235
0,0,0,2956.493
0,0,0,2957.755
0,0,0,2959.014
0,0,0,2960.274
0,0,0,2961.535
0,0,0,2962.802
0,0,0,2964.062
0,0,0,2965.324
0,0,0,2966.574
0,0,0,2967.824
0,0,0,2969.074
0,0,0,2970.329
0,0,0,2971.58
0,0,0,2972.83
0,0,0,2974.083
0,0,0,2975.332
0,0,0,2976.584
0,0,0,2977.865
0,0,0,2979.124
0,0,0,2980.37
0,0,0,2981.613
0,0,0,2982.859
0,0,0,2984.101
0,0,0,2985.345
0,0,0,2986.592
0,0,0,2987.837
0,0,0,2989.08
0,0,0,2990.327
0,0,0,2991.574
0,0,0,2992.821
0,0,0,2994.071
0,0,0,2995.316
0,0,0,2996.56
0,0,0,2997.795
0,0,0,2999.03
0,0,0,3000.264
0,0,0,3001.504
0,0,0,3002.743
0,0,0,3003.977
0,0,0,3005.214
0,0,0,3006.45
0,0,0,3007.686
0,0,0,3008.923
0,0,0,3010.16
0,0,0,3011.394
0,0,0,3012.628
0,0,0,3013.864
0,0,0,3015.091
0,0,0,3016.319
0,0,0,3017.551
0,0,0,3018.779
0,0,0,3020.006
0,0,0,3021.238
0,0,0,3022.466
0,0,0,3023.696
0,0,0,3024.929
0,0,0,3026.158
0,0,0,3027.385
0,0,0,3028.613
0,0,0,3029.84
0,0,0,3031.069
0,0,0,3032.3
0,0,0,3033.533
0,0,0,3034.761
0,0,0,3035.988
0,0,0,3037.216
0,0,0,3038.464
0,0,0,3039.696
0,0,0,3040.922
0,0,0,3042.154
0,0,0,3043.382
0,0,0,3044.613
0,0,0,3045.843
0,0,0,3047.074
0,0,0,3048.31
0,0,0,3049.545
0,0,0,3050.776
0,0,0,3052.007
0,0,0,3053.235
0,0,0,3054.465
0,0,0,3055.697
0,0,0,3056.926
0,0,0,3058.155
0,0,0,3059.383
0,0,0,3060.612
0,0,0,3061.84
0,0,0,3063.07
0,0,0,3064.302
0,0,0,3065.533
0,0,0,3066.761
0,0,0,3067.99
0,0,0,3069.218
0,0,0,3070.445
0,0,0,3071.675
0,0,0,3072.903
0,0,0,3074.126
0,0,0,3075.348
0,0,0,3076.57
0,0,0,3077.799
0,0,0,3079.023
0,0,0,3080.245
0,0,0,3081.467
0,0,0,3082.691
0,0,0,3083.914
0,0,0,3085.135
0,0,0,3086.36
0,0,0,3087.585
0,0,0,3088.807
0,0,0,3090.031
0,0,0,3091.254
0,0,0,3092.477
0,0,0,3093.699
0,0,0,3094.923
0,0,0,3096.145
0,0,0,3097.37
0,0,0,3098.609
0,0,0,3099.835
0,0,0,3101.057
0,0,0,3102.283
0,0,0,3103.504
0,0,0,3104.726
0,0,0,3105.948
0,0,0,3107.17
0,0,0,3108.392
0,0,0,3109.617
0,0,0,3110.839
0,0,0,3112.06
0,0,0,3113.28
0,0,0,3114.501
0,0,0,3115.723
0,0,0,3116.944
0,0,0,3118.167
0,0,0,3119.392
0,0,0,3120.614
0,0,0,3121.836
0,0,0,3123.06
0,0,0,3124.281
0,0,0,3125.509
0,0,0,3126.732
0,0,0,3127.953
0,0,0,3129.178
0,0,0,3130.394
0,0,0,3131.617
0,0,0,3132.844
0,0,0,3134.064
0,0,0,3135.288
0,0,0,3136.509
0,0,0,3137.73
0,0,0,3138.952
0,0,0,3140.173
0,0,0,3141.394
0,0,0,3142.611
0,0,0,3143.828
0,0,0,3145.044
0,0,0,3146.26
0,0,0,3147.474
0,0,0,3148.692
0,0,0,3149.909
0,0,0,3151.134
0,0,0,3152.356
0,0,0,3153.58
0,0,0,3154.802
0,0,0,3156.045
0,0,0,3157.272
0,0,0,3158.516
0,0,0,3159.742
0,0,0,3160.968
0,0,0,3162.192
0,0,0,3163.483
0,0,0,3164.708
0,0,0,3165.93
0,0,0,3167.152
0,0,0,3168.372
0,0,0,3169.596
0,0,0,3170.816
0,0,0,3172.048
0,0,0,3173.276
0,0,0,3174.506
0,0,0,3175.736
0,0,0,3176.964
0,0,0,3178.193
0,0,0,3179.425
0,0,0,3180.66
0,0,0,3181.9
0,0,0,3183.136
0,0,0,3184.372
0,0,0,3185.609
0,0,0,3186.846
0,0,0,3188.084
0,0,0,3189.323
0,0,0,3190.57
0,0,0,3191.815
0,0,0,3193.058
0,0,0,3194.304
0,0,0,3195.551
0,0,0,3196.796
0,0,0,3198.048
0,0,0,3199.299
0,0,0,3200.551
0,0,0,3201.804
0,0,0,3203.058
0,0,0,3204.31
0,0,0,3205.564
0,0,0,3206.816
0,0,0,3208.067
0,0,0,3209.322
0,0,0,3210.578
0,0,0,3211.837
0,0,0,3213.094
0,0,0,3214.356
0,0,0,3215.615
0,0,0,3216.875
0,0,0,3218.163
0,0,0,3219.437
0,0,0,3220.704
0,0,0,3221.968
0,0,0,3223.23
0,0,0,3224.499
0,0,0,3225.772
0,0,0,3227.048
0,0,0,3228.318
0,0,0,3229.592
0,0,0,3230.871
0,0,0,3232.152
0,0,0,3233.434
0,0,0,3234.718
0,0,0,3235.999
0,0,0,3237.276
0,0,0,3238.554
0,0,0,3239.833
0,0,0,3241.109
0,0,0,3242.393
0,0,0,3243.671
0,0,0,3244.951
0,0,0,3246.23
0,0,0,3247.5
0,0,0,3248.768
0,0,0,3250.042
0,0,0,3251.314
0,0,0,3252.583
0,0,0,3253.855
0,0,0,3255.133
0,0,0,3256.412
0,0,0,3257.692
0,0,0,3258.965
0,0,0,3260.234
0,0,0,3261.506
0,0,0,3262.784
0,0,0,3264.067
0,0,0,3265.351
0,0,0,3266.635
0,0,0,3267.932
0,0,0,3269.217
0,0,0,3270.5
0,0,0,3271.769
0,0,0,3273.037
0,0,0,3274.307
0,0,0,3275.58
0,0,0,3276.851
0,0,0,3278.12
0,0,0,3279.412
0,0,0,3280.676
0,0,0,3281.939
0,0,0,3283.204
0,0,0,3284.463
0,0,0,3285.722
0,0,0,3286.98
0,0,0,3288.239
0,0,0,3289.504
0,0,0,3290.764
0,0,0,3292.014
0,0,0,3293.262
0,0,0,3294.513
0,0,0,3295.765
0,0,0,3297.016
0,0,0,3298.272
0,0,0,3299.524
0,0,0,3300.775
0,0,0,3302.031
0,0,0,3303.282
0,0,0,3304.535
0,0,0,3305.787
0,0,0,3307.042
0,0,0,3308.294
0,0,0,3309.548
0,0,0,3310.793
0,0,0,3312.036
0,0,0,3313.28
0,0,0,3314.528
0,0,0,3315.771
0,0,0,3317.014
0,0,0,3318.259
0,0,0,3319.502
0,0,0,3320.744
0,0,0,3321.99
0,0,0,3323.238
0,0,0,3324.476
0,0,0,3325.716
0,0,0,3326.954
0,0,0,3328.19
0,0,0,3329.43
0,0,0,3330.671
0,0,0,3331.91
0,0,0,3333.147
0,0,0,3334.383
0,0,0,3335.618
0,0,0,3336.855
0,0,0,3338.092
0,0,0,3339.347
0,0,0,3340.588
0,0,0,3341.827
0,0,0,3343.061
0,0,0,3344.296
0,0,0,3345.533
0,0,0,3346.775
0,0,0,3348.011
0,0,0,3349.246
0,0,0,3350.482
0,0,0,3351.71
0,0,0,3352.94
0,0,0,3354.176
0,0,0,3355.407
0,0,0,3356.635
0,0,0,3357.867
0,0,0,3359.1
0,0,0,3360.332
0,0,0,3361.564
0,0,0,3362.799
0,0,0,3364.031
0,0,0,3365.259
0,0,0,3366.489
0,0,0,3367.72
0,0,0,3368.951
0,0,0,3370.179
0,0,0,3371.412
0,0,0,3372.64
0,0,0,3373.868
0,0,0,3375.096
0,0,0,3376.325
0,0,0,3377.555
0,0,0,3378.787
0,0,0,3380.016
0,0,0,3381.243
0,0,0,3382.466
0,0,0,3383.686
0,0,0,3384.909
0,0,0,3386.13
0,0,0,3387.355
0,0,0,3388.581
0,0,0,3389.805
0,0,0,3391.026
0,0,0,3392.247
0,0,0,3393.472
0,0,0,3394.697
0,0,0,3395.92
0,0,0,3397.143
0,0,0,3398.383
0,0,0,3399.623
0,0,0,3400.849
0,0,0,3402.073
0,0,0,3403.301
0,0,0,3404.523
0,0,0,3405.747
0,0,0,3406.973
0,0,0,3408.195
0,0,0,3409.419
0,0,0,3410.646
0,0,0,3411.871
0,0,0,3413.093
0,0,0,3414.316
0,0,0,3415.538
0,0,0,3416.761
0,0,0,3417.984
0,0,0,3419.209
0,0,0,3420.43
0,0,0,3421.654
0,0,0,3422.878
0,0,0,3424.1
0,0,0,3425.325
0,0,0,3426.549
0,0,0,3427.773
0,0,0,3428.995
0,0,0,3430.221
0,0,0,3431.445
0,0,0,3432.669
0,0,0,3433.893
0,0,0,3435.118
0,0,0,3436.339
0,0,0,3437.565
0,0,0,3438.786
0,0,0,3440.008
0,0,0,3441.223
0,0,0,3442.443
0,0,0,3443.66
0,0,0,3444.875
0,0,0,3446.092
0,0,0,3447.307
0,0,0,3448.522
0,0,0,3449.739
0,0,0,3450.958
0,0,0,3452.173
0,0,0,3453.392
0,0,0,3454.609
0,0,0,3455.826
0,0,0,3457.039
0,0,0,3458.258
0,0,0,3459.492
0,0,0,3460.711
0,0,0,3461.929
0,0,0,3463.147
0,0,0,3464.364
0,0,0,3465.585
0,0,0,3466.804
0,0,0,3468.024
0,0,0,3469.24
0,0,0,3470.458
0,0,0,3471.676
0,0,0,3472.892
0,0,0,3474.113
0,0,0,3475.329
0,0,0,3476.545
0,0,0,3477.762
0,0,0,3478.979
0,0,0,3480.197
0,0,0,3481.417
0,0,0,3482.636
0,0,0,3483.853
0,0,0,3485.07
0,0,0,3486.287
0,0,0,3487.505
0,0,0,3488.723
0,0,0,3489.946
0,0,0,3491.163
0,0,0,3492.379
0,0,0,3493.597
0,0,0,3494.814
0,0,0,3496.031
0,0,0,3497.248
0,0,0,3498.468
0,0,0,3499.686
0,0,0,3500.901
0,0,0,3502.116
0,0,0,3503.332
0,0,0,3504.547
0,0,0,3505.767
0,0,0,3506.984
0,0,0,3508.201
0,0,0,3509.419
0,0,0,3510.634
0,0,0,3511.851
0,0,0,3513.068
0,0,0,3514.289
0,0,0,3515.506
0,0,0,3516.722
0,0,0,3517.938
0,0,0,3519.17
0,0,0,3520.39
0,0,0,3521.611
0,0,0,3522.827
0,0,0,3524.043
0,0,0,3525.261
0,0,0,3526.476
0,0,0,3527.695
0,0,0,3528.921
0,0,0,3530.142
0,0,0,3531.361
0,0,0,3532.578
0,0,0,3533.796
0,0,0,3535.013
0,0,0,3536.23
0,0,0,3537.451
0,0,0,3538.667
0,0,0,3539.883
0,0,0,3541.099
0,0,0,3542.318
0,0,0,3543.533
0,0,0,3544.75
0,0,0,3545.971
0,0,0,3547.187
0,0,0,3548.405
0,0,0,3549.625
0,0,0,3550.841
0,0,0,3552.057
0,0,0,3553.275
0,0,0,3554.495
0,0,0,3555.712
0,0,0,3556.928
0,0,0,3558.146
0,0,0,3559.897
0,0,0,3561.152
0,0,0,3562.383
0,0,0,3563.601
0,0,0,3564.819
0,0,0,3566.036
0,0,0,3567.251
0,0,0,3568.468
0,0,0,3569.69
0,0,0,3570.906
0,0,0,3572.12
0,0,0,3573.338
0,0,0,3574.554
0,0,0,3575.767
0,0,0,3576.983
0,0,0,3578.203
0,0,0,3579.439
0,0,0,3580.658
0,0,0,3581.875
0,0,0,3583.091
0,0,0,3584.306
0,0,0,3585.527
0,0,0,3586.743
0,0,0,3587.959
0,0,0,3589.177
0,0,0,3590.395
0,0,0,3591.609
0,0,0,3592.823
0,0,0,3594.045
0,0,0,3595.263
0,0,0,3596.479
0,0,0,3597.7
0,0,0,3598.919
0,0,0,3600.138
0,0,0,3601.359
0,0,0,3602.575
0,0,0,3603.791
0,0,0,3605.008
0,0,0,3606.225
0,0,0,3607.44
0,0,0,3608.654
0,0,0,3609.873
0,0,0,3611.089
0,0,0,3612.304
0,0,0,3613.52
0,0,0,3614.735
0,0,0,3615.951
0,0,0,3617.168
0,0,0,3618.383
0,0,0,3619.598
0,0,0,3620.813
0,0,0,3622.028
0,0,0,3623.241
0,0,0,3624.454
0,0,0,3625.671
0,0,0,3626.885
0,0,0,3628.101
0,0,0,3629.319
0,0,0,3630.529
0,0,0,3631.744
0,0,0,3632.963
0,0,0,3634.18
0,0,0,3635.394
0,0,0,3636.608
0,0,0,3637.821
0,0,0,3639.051
0,0,0,3640.271
0,0,0,3641.493
0,0,0,3642.709
0,0,0,3643.925
0,0,0,3645.139
0,0,0,3646.356
0,0,0,3647.572
0,0,0,3648.789
0,0,0,3650.004
0,0,0,3651.218
0,0,0,3652.433
0,0,0,3653.65
0,0,0,3654.866
0,0,0,3656.081
0,0,0,3657.3
0,0,0,3658.52
0,0,0,3659.737
0,0,0,3660.953
0,0,0,3662.172
0,0,0,3663.388
0,0,0,3664.608
0,0,0,3665.826
0,0,0,3667.043
0,0,0,3668.259
0,0,0,3669.476
0,0,0,3670.693
0,0,0,3671.909
0,0,0,3673.129
0,0,0,3674.346
0,0,0,3675.56
0,0,0,3676.77
0,0,0,3677.981
0,0,0,3679.191
0,0,0,3680.403
0,0,0,3681.616
0,0,0,3682.826
0,0,0,3684.036
0,0,0,3685.245
0,0,0,3686.456
0,0,0,3687.665
0,0,0,3688.876
0,0,0,3690.086
0,0,0,3691.298
0,0,0,3692.506
0,0,0,3693.715
0,0,0,3694.924
0,0,0,3696.137
0,0,0,3697.349
0,0,0,3698.557
0,0,0,3699.783
0,0,0,3700.998
0,0,0,3702.218
0,0,0,3703.434
0,0,0,3704.652
0,0,0,3705.868
0,0,0,3707.082
0,0,0,3708.296
0,0,0,3709.515
0,0,0,3710.731
0,0,0,3711.948
0,0,0,3713.164
0,0,0,3714.379
0,0,0,3715.596
0,0,0,3716.805
0,0,0,3718.013
0,0,0,3719.22
0,0,0,3720.433
0,0,0,3721.643
0,0,0,3722.853
0,0,0,3724.068
0,0,0,3725.284
0,0,0,3726.495
0,0,0,3727.71
0,0,0,3728.926
0,0,0,3730.142
0,0,0,3731.36
0,0,0,3732.576
0,0,0,3733.791
0,0,0,3735.005
0,0,0,3736.222
0,0,0,3737.442
0,0,0,3738.657
0,0,0,3739.87
0,0,0,3741.085
0,0,0,3742.301
0,0,0,3743.514
0,0,0,3744.723
0,0,0,3745.932
0,0,0,3747.141
0,0,0,3748.351
0,0,0,3749.561
0,0,0,3750.772
0,0,0,3751.984
0,0,0,3753.192
0,0,0,3754.403
0,0,0,3755.613
0,0,0,3756.821
0,0,0,3758.031
0,0,0,3759.257
0,0,0,3760.47
0,0,0,3761.689
0,0,0,3762.905
0,0,0,3764.121
0,0,0,3765.339
0,0,0,3766.555
0,0,0,3767.772
0,0,0,3768.988
0,0,0,3770.204
0,0,0,3771.419
0,0,0,3772.633
0,0,0,3773.849
0,0,0,3775.066
0,0,0,3776.281
0,0,0,3777.499
0,0,0,3778.715
0,0,0,3779.93
0,0,0,3781.145
0,0,0,3782.36
0,0,0,3783.579
0,0,0,3784.796
0,0,0,3786.011
0,0,0,3787.227
0,0,0,3788.444
0,0,0,3789.659
0,0,0,3790.876
0,0,0,3792.092
0,0,0,3793.309
0,0,0,3794.527
0,0,0,3795.739
0,0,0,3796.951
0,0,0,3798.167
0,0,0,3799.385
0,0,0,3800.599
0,0,0,3801.815
0,0,0,3803.03
0,0,0,3804.247
0,0,0,3805.464
0,0,0,3806.682
0,0,0,3807.896
0,0,0,3809.111
0,0,0,3810.33
0,0,0,3811.545
0,0,0,3812.761
0,0,0,3813.975
0,0,0,3815.187
0,0,0,3816.396
0,0,0,3817.606
0,0,0,3818.815
0,0,0,3820.041
0,0,0,3821.254
0,0,0,3822.47
0,0,0,3823.684
0,0,0,3824.901
0,0,0,3826.123
0,0,0,3827.34
0,0,0,3828.559
0,0,0,3829.778
0,0,0,3830.996
0,0,0,3832.212
0,0,0,3833.43
0,0,0,3834.646
0,0,0,3835.861
0,0,0,3837.077
0,0,0,3838.297
0,0,0,3839.515
0,0,0,3840.728
0,0,0,3841.945
0,0,0,3843.161
0,0,0,3844.375
0,0,0,3845.591
0,0,0,3846.81
0,0,0,3848.027
0,0,0,3849.242
0,0,0,3850.454
0,0,0,3851.663
0,0,0,3852.877
0,0,0,3854.099
0,0,0,3855.317
0,0,0,3856.534
0,0,0,3857.746
0,0,0,3858.957
0,0,0,3860.173
0,0,0,3861.39
0,0,0,3862.611
0,0,0,3863.827
0,0,0,3865.043
0,0,0,3866.259
0,0,0,3867.475
0,0,0,3868.69
0,0,0,3869.909
0,0,0,3871.123
0,0,0,3872.339
0,0,0,3873.554
0,0,0,3874.768
0,0,0,3875.982
0,0,0,3877.19
0,0,0,3878.402
0,0,0,3879.63
0,0,0,3880.843
0,0,0,3882.054
0,0,0,3883.266
0,0,0,3884.477
0,0,0,3885.69
0,0,0,3886.901
0,0,0,3888.112
0,0,0,3889.326
0,0,0,3890.538
0,0,0,3891.747
0,0,0,3892.958
0,0,0,3894.171
0,0,0,3895.38
0,0,0,3896.593
0,0,0,3897.811
0,0,0,3899.029
0,0,0,3900.245
0,0,0,3901.465
0,0,0,3902.683
0,0,0,3903.901
0,0,0,3905.116
0,0,0,3906.339
0,0,0,3907.551
0,0,0,3908.76
0,0,0,3909.974
0,0,0,3911.184
0,0,0,3912.394
0,0,0,3913.605
0,0,0,3914.814
0,0,0,3916.024
0,0,0,3917.237
0,0,0,3918.448
0,0,0,3919.657
0,0,0,3920.867
0,0,0,3922.077
0,0,0,3923.286
0,0,0,3924.498
0,0,0,3925.711
0,0,0,3926.92
0,0,0,3928.128
0,0,0,3929.34
0,0,0,3930.554
0,0,0,3931.765
0,0,0,3932.98
0,0,0,3934.2
0,0,0,3935.418
0,0,0,3936.633
0,0,0,3937.85
0,0,0,3939.065
0,0,0,3940.289
0,0,0,3941.507
0,0,0,3942.722
0,0,0,3943.939
0,0,0,3945.155
0,0,0,3946.364
0,0,0,3947.572
0,0,0,3948.788
0,0,0,3950.005
0,0,0,3951.222
0,0,0,3952.436
0,0,0,3953.647
0,0,0,3954.859
0,0,0,3956.069
0,0,0,3957.281
0,0,0,3958.492
0,0,0,3959.704
0,0,0,3960.913
0,0,0,3962.125
0,0,0,3963.336
0,0,0,3964.549
0,0,0,3965.766
0,0,0,3966.983
0,0,0,3968.201
0,0,0,3969.42
0,0,0,3970.636
0,0,0,3971.852
0,0,0,3973.07
0,0,0,3974.286
0,0,0,3975.501
0,0,0,3976.718
0,0,0,3977.937
0,0,0,3979.153
0,0,0,3980.373
0,0,0,3981.591
0,0,0,3982.808
0,0,0,3984.024
0,0,0,3985.24
0,0,0,3986.457
0,0,0,3987.673
0,0,0,3988.893
0,0,0,3990.108
0,0,0,3991.327
0,0,0,3992.545
0,0,0,3993.765
0,0,0,3994.98
0,0,0,3996.199
0,0,0,3997.418
0,0,0,3998.637
0,0,0,3999.868
0,0,0,4001.088
0,0,0,4002.307
0,0,0,4003.524
0,0,0,4004.745
0,0,0,4005.963
0,0,0,4007.18
0,0,0,4008.394
0,0,0,4009.61
0,0,0,4010.827
0,0,0,4012.046
0,0,0,4013.262
0,0,0,4014.48
0,0,0,4015.695
0,0,0,4016.911
0,0,0,4018.129
0,0,0,4019.344
0,0,0,4020.562
0,0,0,4021.779
0,0,0,4022.995
0,0,0,4024.21
0,0,0,4025.429
0,0,0,4026.644
0,0,0,4027.864
0,0,0,4029.082
0,0,0,4030.301
0,0,0,4031.517
0,0,0,4032.733
0,0,0,4033.951
0,0,0,4035.168
0,0,0,4036.39
0,0,0,4037.609
0,0,0,4038.826
0,0,0,4040.042
0,0,0,4041.257
0,0,0,4042.474
0,0,0,4043.695
0,0,0,4044.909
0,0,0,4046.137
0,0,0,4047.355
0,0,0,4048.57
0,0,0,4049.788
0,0,0,4051.005
0,0,0,4052.226
0,0,0,4053.446
0,0,0,4054.663
0,0,0,4055.881
0,0,0,4057.097
0,0,0,4058.313
0,0,0,4059.55
0,0,0,4060.771
0,0,0,4061.989
0,0,0,4063.206
0,0,0,4064.424
0,0,0,4065.643
0,0,0,4066.857
0,0,0,4068.076
0,0,0,4069.292
0,0,0,4070.511
0,0,0,4071.728
0,0,0,4072.944
0,0,0,4074.161
0,0,0,4075.38
0,0,0,4076.596
0,0,0,4077.812
0,0,0,4079.028
0,0,0,4080.243
0,0,0,4081.462
0,0,0,4082.679
0,0,0,4083.898
0,0,0,4085.113
0,0,0,4086.329
0,0,0,4087.546
0,0,0,4088.761
0,0,0,4089.979
0,0,0,4091.2
0,0,0,4092.417
0,0,0,4093.634
0,0,0,4094.851
0,0,0,4096.068
0,0,0,4097.285
0,0,0,4098.502
0,0,0,4099.723
0,0,0,4100.939
0,0,0,4102.155
0,0,0,4103.371
0,0,0,4104.588
0,0,0,4105.806
0,0,0,4107.024
0,0,0,4108.241
0,0,0,4109.461
0,0,0,4110.678
0,0,0,4111.893
0,0,0,4113.109
0,0,0,4114.324
0,0,0,4115.536
0,0,0,4116.747
0,0,0,4117.958
0,0,0,4119.169
0,0,0,4120.394
0,0,0,4121.608
0,0,0,4122.823
0,0,0,4124.035
0,0,0,4125.247
0,0,0,4126.46
0,0,0,4127.676
0,0,0,4128.892
0,0,0,4130.111
0,0,0,4131.332
0,0,0,4132.552
0,0,0,4133.772
0,0,0,4134.99
0,0,0,4136.208
0,0,0,4137.426
0,0,0,4138.647
0,0,0,4139.865
0,0,0,4141.081
0,0,0,4142.3
0,0,0,4143.517
0,0,0,4144.734
0,0,0,4145.952
0,0,0,4147.169
0,0,0,4148.385
0,0,0,4149.608
0,0,0,4150.825
0,0,0,4152.041
0,0,0,4153.252
0,0,0,4154.466
0,0,0,4155.678
0,0,0,4156.889
0,0,0,4158.101
0,0,0,4159.317
0,0,0,4160.534
0,0,0,4161.75
0,0,0,4162.972
0,0,0,4164.189
0,0,0,4165.418
0,0,0,4166.638
0,0,0,4167.856
0,0,0,4169.074
0,0,0,4170.295
0,0,0,4171.513
0,0,0,4172.729
0,0,0,4173.946
0,0,0,4175.161
0,0,0,4176.377
0,0,0,4177.587
0,0,0,4178.8
0,0,0,4180.028
0,0,0,4181.241
0,0,0,4182.455
0,0,0,4183.664
0,0,0,4184.874
0,0,0,4186.087
0,0,0,4187.297
0,0,0,4188.509
0,0,0,4189.726
0,0,0,4190.942
0,0,0,4192.159
0,0,0,4193.379
0,0,0,4194.601
0,0,0,4195.82
0,0,0,4197.042
0,0,0,4198.259
0,0,0,4199.476
0,0,0,4200.692
0,0,0,4201.915
0,0,0,4203.132
0,0,0,4204.347
0,0,0,4205.568
0,0,0,4206.785
0,0,0,4208.002
0,0,0,4209.218
0,0,0,4210.439
0,0,0,4211.65
0,0,0,4212.861
0,0,0,4214.073
0,0,0,4215.285
0,0,0,4216.495
0,0,0,4217.707
0,0,0,4218.916
0,0,0,4220.123
0,0,0,4221.336
0,0,0,4222.545
0,0,0,4223.754
0,0,0,4224.965
0,0,0,4226.18
0,0,0,4227.391
0,0,0,4228.609
0,0,0,4229.828
0,0,0,4231.045
0,0,0,4232.263
0,0,0,4233.485
0,0,0,4234.701
0,0,0,4235.918
0,0,0,4237.134
0,0,0,4238.35
0,0,0,4239.589
0,0,0,4240.814
0,0,0,4242.035
0,0,0,4243.253
0,0,0,4244.467
0,0,0,4245.688
0,0,0,4246.9
0,0,0,4248.112
0,0,0,4249.327
0,0,0,4250.538
0,0,0,4251.75
0,0,0,4252.959
0,0,0,4254.171
0,0,0,4255.383
0,0,0,4256.592
0,0,0,4257.804
0,0,0,4259.014
0,0,0,4260.225
0,0,0,4261.438
0,0,0,4262.657
0,0,0,4263.875
0,0,0,4265.094
0,0,0,4266.316
0,0,0,4267.531
0,0,0,4268.748
0,0,0,4269.967
0,0,0,4271.183
0,0,0,4272.398
0,0,0,4273.618
0,0,0,4274.832
0,0,0,4276.049
0,0,0,4277.265
0,0,0,4278.477
0,0,0,4279.689
0,0,0,4280.9
0,0,0,4282.111
0,0,0,4283.323
0,0,0,4284.532
0,0,0,4285.745
0,0,0,4286.956
0,0,0,4288.166
0,0,0,4289.385
0,0,0,4290.596
0,0,0,4291.805
0,0,0,4293.014
0,0,0,4294.224
0,0,0,4295.435
0,0,0,4296.647
0,0,0,4297.867
0,0,0,4299.084
0,0,0,4300.318
0,0,0,4301.539
0,0,0,4302.756
0,0,0,4303.974
0,0,0,4305.194
0,0,0,4306.416
0,0,0,4307.633
0,0,0,4308.85
0,0,0,4310.068
0,0,0,4311.287
0,0,0,4312.506
0,0,0,4313.723
0,0,0,4314.941
0,0,0,4316.158
0,0,0,4317.377
0,0,0,4318.595
0,0,0,4319.809
0,0,0,4321.029
0,0,0,4322.246
0,0,0,4323.464
0,0,0,4324.682
0,0,0,4325.905
0,0,0,4327.121
0,0,0,4328.342
0,0,0,4329.561
0,0,0,4330.777
0,0,0,4331.992
0,0,0,4333.208
0,0,0,4334.424
0,0,0,4335.638
0,0,0,4336.857
0,0,0,4338.074
0,0,0,4339.29
0,0,0,4340.507
0,0,0,4341.725
0,0,0,4342.94
0,0,0,4344.158
0,0,0,4345.377
0,0,0,4346.592
0,0,0,4347.808
0,0,0,4349.023
0,0,0,4350.241
0,0,0,4351.45
0,0,0,4352.662
0,0,0,4353.875
0,0,0,4355.084
0,0,0,4356.302
0,0,0,4357.519
0,0,0,4358.735
0,0,0,4359.974
0,0,0,4361.193
0,0,0,4362.41
0,0,0,4363.627
0,0,0,4364.841
0,0,0,4366.059
0,0,0,4367.277
0,0,0,4368.494
0,0,0,4369.71
0,0,0,4370.927
0,0,0,4372.144
0,0,0,4373.363
0,0,0,4374.579
0,0,0,4375.801
0,0,0,4377.018
0,0,0,4378.232
0,0,0,4379.448
0,0,0,4380.663
0,0,0,4381.879
0,0,0,4383.093
0,0,0,4384.312
0,0,0,4385.529
0,0,0,4386.743
0,0,0,4387.958
0,0,0,4389.173
0,0,0,4390.392
0,0,0,4391.612
0,0,0,4392.828
0,0,0,4394.044
0,0,0,4395.26
0,0,0,4396.475
0,0,0,4397.691
0,0,0,4398.906
0,0,0,4400.125
0,0,0,4401.345
0,0,0,4402.562
0,0,0,4403.78
0,0,0,4404.997
0,0,0,4406.215
0,0,0,4407.432
0,0,0,4408.648
0,0,0,4409.865
0,0,0,4411.082
0,0,0,4412.296
0,0,0,4413.516
0,0,0,4414.733
0,0,0,4415.951
0,0,0,4417.167
0,0,0,4418.383
0,0,0,4419.593
0,0,0,4420.818
0,0,0,4422.033
0,0,0,4423.25
0,0,0,4424.467
0,0,0,4425.685
0,0,0,4426.903
0,0,0,4428.119
0,0,0,4429.338
0,0,0,4430.556
0,0,0,4431.775
0,0,0,4432.995
0,0,0,4434.212
0,0,0,4435.429
0,0,0,4436.645
0,0,0,4437.864
0,0,0,4439.083
0,0,0,4440.298
0,0,0,4441.519
0,0,0,4442.738
0,0,0,4443.953
0,0,0,4445.169
0,0,0,4446.385
0,0,0,4447.605
0,0,0,4448.822
0,0,0,4450.04
0,0,0,4451.256
0,0,0,4452.47
0,0,0,4453.691
0,0,0,4454.909
0,0,0,4456.124
0,0,0,4457.343
0,0,0,4458.559
0,0,0,4459.776
0,0,0,4460.991
0,0,0,4462.207
0,0,0,4463.424
0,0,0,4464.643
0,0,0,4465.86
0,0,0,4467.077
0,0,0,4468.292
0,0,0,4469.512
0,0,0,4470.733
0,0,0,4471.948
0,0,0,4473.164
0,0,0,4474.381
0,0,0,4475.595
0,0,0,4476.811
0,0,0,4478.029
0,0,0,4479.249
0,0,0,4480.48
0,0,0,4481.699
0,0,0,4482.916
0,0,0,4484.132
0,0,0,4485.349
0,0,0,4486.568
0,0,0,4487.785
0,0,0,4488.996
0,0,0,4490.213
0,0,0,4491.429
0,0,0,4492.647
0,0,0,4493.867
0,0,0,4495.087
0,0,0,4496.305
0,0,0,4497.521
0,0,0,4498.737
0,0,0,4499.952
0,0,0,4501.168
0,0,0,4502.387
0,0,0,4503.603
0,0,0,4504.819
0,0,0,4506.034
0,0,0,4507.25
0,0,0,4508.467
0,0,0,4509.683
0,0,0,4510.901
0,0,0,4512.118
0,0,0,4513.332
0,0,0,4514.548
0,0,0,4515.763
0,0,0,4516.978
0,0,0,4518.192
0,0,0,4519.401
0,0,0,4520.611
0,0,0,4521.82
0,0,0,4523.029
0,0,0,4524.239
0,0,0,4525.451
0,0,0,4526.662
0,0,0,4527.874
0,0,0,4529.089
0,0,0,4530.306
0,0,0,4531.521
0,0,0,4532.738
0,0,0,4533.957
0,0,0,4535.172
0,0,0,4536.386
0,0,0,4537.6
0,0,0,4538.81
0,0,0,4540.041
0,0,0,4541.259
0,0,0,4542.475
0,0,0,4543.692
0,0,0,4544.909
0,0,0,4546.125
0,0,0,4547.342
0,0,0,4548.557
0,0,0,4549.776
0,0,0,4550.992
0,0,0,4552.208
0,0,0,4553.426
0,0,0,4554.645
0,0,0,4555.86
0,0,0,4557.075
0,0,0,4558.289
0,0,0,4559.499
0,0,0,4560.814
0,0,0,4562.045
0,0,0,4563.264
0,0,0,4564.482
0,0,0,4565.707
0,0,0,4566.921
0,0,0,4568.135
0,0,0,4569.353
0,0,0,4570.569
0,0,0,4571.785
0,0,0,4572.999
0,0,0,4574.22
0,0,0,4575.435
0,0,0,4576.652
0,0,0,4577.869
0,0,0,4579.082
0,0,0,4580.298
0,0,0,4581.516
0,0,0,4582.732
0,0,0,4583.949
0,0,0,4585.164
0,0,0,4586.379
0,0,0,4587.596
0,0,0,4588.811
0,0,0,4590.029
0,0,0,4591.245
0,0,0,4592.459
0,0,0,4593.68
0,0,0,4594.896
0,0,0,4596.113
0,0,0,4597.336
0,0,0,4598.553
0,0,0,4599.768
0,0,0,4601.005
0,0,0,4602.226
0,0,0,4603.445
0,0,0,4604.661
0,0,0,4605.881
0,0,0,4607.096
0,0,0,4608.311
0,0,0,4609.527
0,0,0,4610.743
0,0,0,4611.959
0,0,0,4613.18
0,0,0,4614.399
0,0,0,4615.616
0,0,0,4616.834
0,0,0,4618.051
0,0,0,4619.269
0,0,0,4620.486
0,0,0,4621.707
0,0,0,4622.923
0,0,0,4624.14
0,0,0,4625.36
0,0,0,4626.574
0,0,0,4627.791
0,0,0,4629.011
0,0,0,4630.229
0,0,0,4631.448
0,0,0,4632.665
0,0,0,4633.88
0,0,0,4635.096
0,0,0,4636.312
0,0,0,4637.534
0,0,0,4638.751
0,0,0,4639.968
0,0,0,4641.185
0,0,0,4642.403
0,0,0,4643.621
0,0,0,4644.839
0,0,0,4646.049
0,0,0,4647.259
0,0,0,4648.469
0,0,0,4649.68
0,0,0,4650.889
0,0,0,4652.1
0,0,0,4653.317
0,0,0,4654.531
0,0,0,4655.743
0,0,0,4656.969
0,0,0,4658.186
0,0,0,4659.403
0,0,0,4660.634
0,0,0,4661.854
0,0,0,4663.07
0,0,0,4664.286
0,0,0,4665.504
0,0,0,4666.721
0,0,0,4667.935
0,0,0,4669.154
0,0,0,4670.37
0,0,0,4671.585
0,0,0,4672.8
0,0,0,4674.015
0,0,0,4675.231
0,0,0,4676.45
0,0,0,4677.665
0,0,0,4678.881
0,0,0,4680.096
0,0,0,4681.309
0,0,0,4682.519
0,0,0,4683.728
0,0,0,4684.94
0,0,0,4686.149
0,0,0,4687.358
0,0,0,4688.57
0,0,0,4689.781
0,0,0,4690.989
0,0,0,4692.201
0,0,0,4693.415
0,0,0,4694.626
0,0,0,4695.839
0,0,0,4697.057
0,0,0,4698.271
0,0,0,4699.485
0,0,0,4700.706
0,0,0,4701.917
0,0,0,4703.126
0,0,0,4704.336
0,0,0,4705.546
0,0,0,4706.757
0,0,0,4707.972
0,0,0,4709.183
0,0,0,4710.393
0,0,0,4711.602
0,0,0,4712.812
0,0,0,4714.022
0,0,0,4715.232
0,0,0,4716.442
0,0,0,4717.653
0,0,0,4718.863
0,0,0,4720.071
0,0,0,4721.295
0,0,0,4722.509
0,0,0,4723.724
0,0,0,4724.94
0,0,0,4726.156
0,0,0,4727.371
0,0,0,4728.587
0,0,0,4729.803
0,0,0,4731.02
0,0,0,4732.24
0,0,0,4733.461
0,0,0,4734.68
0,0,0,4735.895
0,0,0,4737.111
0,0,0,4738.326
0,0,0,4739.544
0,0,0,4740.759
0,0,0,4741.974
0,0,0,4743.189
0,0,0,4744.405
0,0,0,4745.621
0,0,0,4746.838
0,0,0,4748.056
0,0,0,4749.271
0,0,0,4750.49
0,0,0,4751.706
0,0,0,4752.92
0,0,0,4754.137
0,0,0,4755.349
0,0,0,4756.564
0,0,0,4757.78
0,0,0,4758.996
0,0,0,4760.21
0,0,0,4761.424
0,0,0,4762.639
0,0,0,4763.859
0,0,0,4765.074
0,0,0,4766.292
0,0,0,4767.507
0,0,0,4768.723
0,0,0,4769.941
0,0,0,4771.16
0,0,0,4772.377
0,0,0,4773.593
0,0,0,4774.807
0,0,0,4776.023
0,0,0,4777.24
0,0,0,4778.455
0,0,0,4779.672
0,0,0,4780.906
0,0,0,4782.126
0,0,0,4783.343
0,0,0,4784.56
0,0,0,4785.777
0,0,0,4786.996
0,0,0,4788.213
0,0,0,4789.431
0,0,0,4790.649
0,0,0,4791.866
0,0,0,4793.08
0,0,0,4794.295
0,0,0,4795.514
0,0,0,4796.73
0,0,0,4797.948
0,0,0,4799.164
0,0,0,4800.38
0,0,0,4801.598
0,0,0,4802.819
0,0,0,4804.035
0,0,0,4805.251
0,0,0,4806.469
0,0,0,4807.685
0,0,0,4808.9
0,0,0,4810.116
0,0,0,4811.334
0,0,0,4812.55
0,0,0,4813.765
0,0,0,4814.981
0,0,0,4816.195
0,0,0,4817.412
0,0,0,4818.633
0,0,0,4819.85
0,0,0,4821.07
0,0,0,4822.288
0,0,0,4823.507
0,0,0,4824.724
0,0,0,4825.942
0,0,0,4827.163
0,0,0,4828.38
0,0,0,4829.598
0,0,0,4830.815
0,0,0,4832.033
0,0,0,4833.25
0,0,0,4834.469
0,0,0,4835.687
0,0,0,4836.906
0,0,0,4838.121
0,0,0,4839.338
0,0,0,4840.578
0,0,0,4841.802
0,0,0,4843.021
0,0,0,4844.236
0,0,0,4845.453
0,0,0,4846.671
0,0,0,4847.887
0,0,0,4849.105
0,0,0,4850.325
0,0,0,4851.537
0,0,0,4852.747
0,0,0,4853.958
0,0,0,4855.167
0,0,0,4856.377
0,0,0,4857.591
0,0,0,4858.802
0,0,0,4860.015
0,0,0,4861.226
0,0,0,4862.437
0,0,0,4863.651
0,0,0,4864.861
0,0,0,4866.082
0,0,0,4867.296
0,0,0,4868.511
0,0,0,4869.728
0,0,0,4870.945
0,0,0,4872.154
0,0,0,4873.365
0,0,0,4874.577
0,0,0,4875.788
0,0,0,4876.998
0,0,0,4878.207
0,0,0,4879.416
0,0,0,4880.627
0,0,0,4881.841
0,0,0,4883.051
0,0,0,4884.261
0,0,0,4885.473
0,0,0,4886.687
0,0,0,4887.899
0,0,0,4889.109
0,0,0,4890.324
0,0,0,4891.533
0,0,0,4892.745
0,0,0,4893.955
0,0,0,4895.164
0,0,0,4896.374
0,0,0,4897.589
0,0,0,4898.802
0,0,0,4900.018
0,0,0,4901.25
0,0,0,4902.469
0,0,0,4903.685
0,0,0,4904.9
0,0,0,4906.121
0,0,0,4907.338
0,0,0,4908.553
0,0,0,4909.772
0,0,0,4910.987
0,0,0,4912.203
0,0,0,4913.421
0,0,0,4914.636
0,0,0,4915.853
0,0,0,4917.068
0,0,0,4918.286
0,0,0,4919.501
0,0,0,4920.716
0,0,0,4921.935
0,0,0,4923.151
0,0,0,4924.367
0,0,0,4925.584
0,0,0,4926.801
0,0,0,4928.015
0,0,0,4929.235
0,0,0,4930.454
0,0,0,4931.671
0,0,0,4932.89
0,0,0,4934.107
0,0,0,4935.324
0,0,0,4936.539
0,0,0,4937.759
0,0,0,4938.975
0,0,0,4940.192
0,0,0,4941.41
0,0,0,4942.624
0,0,0,4943.84
0,0,0,4945.058
0,0,0,4946.268
0,0,0,4947.477
0,0,0,4948.685
0,0,0,4949.894
0,0,0,4951.104
0,0,0,4952.313
0,0,0,4953.526
0,0,0,4954.737
0,0,0,4955.947
0,0,0,4957.161
0,0,0,4958.377
0,0,0,4959.591
0,0,0,4960.823
0,0,0,4962.039
0,0,0,4963.248
0,0,0,4964.464
0,0,0,4965.68
0,0,0,4966.898
0,0,0,4968.115
0,0,0,4969.337
0,0,0,4970.553
0,0,0,4971.773
0,0,0,4972.986
0,0,0,4974.201
0,0,0,4975.417
0,0,0,4976.637
0,0,0,4977.854
0,0,0,4979.07
0,0,0,4980.283
0,0,0,4981.501
0,0,0,4982.717
0,0,0,4983.93
0,0,0,4985.148
0,0,0,4986.364
0,0,0,4987.583
0,0,0,4988.798
0,0,0,4990.017
0,0,0,4991.231
0,0,0,4992.454
0,0,0,4993.669
0,0,0,4994.885
0,0,0,4996.102
0,0,0,4997.319
0,0,0,4998.534
0,0,0,4999.749
0,0,0,5000.966
0,0,0,5002.183
0,0,0,5003.396
0,0,0,5004.612
0,0,0,5005.828
0,0,0,5007.043
0,0,0,5008.26
0,0,0,5009.479
0,0,0,5010.693
0,0,0,5011.908
0,0,0,5013.124
0,0,0,5014.338
0,0,0,5015.552
0,0,0,5016.769
0,0,0,5017.985
0,0,0,5019.202
0,0,0,5020.417
0,0,0,5021.65
0,0,0,5022.868
0,0,0,5024.09
0,0,0,5025.31
0,0,0,5026.527
0,0,0,5027.747
0,0,0,5028.965
0,0,0,5030.183
0,0,0,5031.401
0,0,0,5032.621
0,0,0,5033.84
0,0,0,5035.056
0,0,0,5036.272
0,0,0,5037.491
0,0,0,5038.706
0,0,0,5039.925
0,0,0,5041.142
0,0,0,5042.359
0,0,0,5043.579
0,0,0,5044.796
0,0,0,5046.014
0,0,0,5047.23
0,0,0,5048.452
0,0,0,5049.671
0,0,0,5050.893
0,0,0,5052.116
0,0,0,5053.34
0,0,0,5054.557
0,0,0,5055.775
0,0,0,5057
0,0,0,5058.222
0,0,0,5059.447
0,0,0,5060.667
0,0,0,5061.898
0,0,0,5063.124
0,0,0,5064.352
0,0,0,5065.577
0,0,0,5066.798
0,0,0,5068.019
0,0,0,5069.237
0,0,0,5070.455
0,0,0,5071.676
0,0,0,5072.892
0,0,0,5074.106
0,0,0,5075.321
0,0,0,5076.535
0,0,0,5077.75
0,0,0,5078.966
0,0,0,5080.185
0,0,0,5081.419
0,0,0,5082.638
0,0,0,5083.854
0,0,0,5085.072
0,0,0,5086.289
0,0,0,5087.512
0,0,0,5088.73
0,0,0,5089.946
0,0,0,5091.16
0,0,0,5092.377
0,0,0,5093.592
0,0,0,5094.809
0,0,0,5096.03
0,0,0,5097.247
0,0,0,5098.463
0,0,0,5099.682
0,0,0,5100.896
0,0,0,5102.112
0,0,0,5103.329
0,0,0,5104.545
0,0,0,5105.76
0,0,0,5107.004
0,0,0,5108.224
0,0,0,5109.442
0,0,0,5110.658
0,0,0,5111.878
0,0,0,5113.092
0,0,0,5114.31
0,0,0,5115.522
0,0,0,5116.738
0,0,0,5117.955
0,0,0,5119.172
0,0,0,5120.388
0,0,0,5121.608
0,0,0,5122.824
0,0,0,5124.043
0,0,0,5125.259
0,0,0,5126.48
0,0,0,5127.704
0,0,0,5128.92
0,0,0,5130.137
0,0,0,5131.353
0,0,0,5132.57
0,0,0,5133.787
0,0,0,5135.006
0,0,0,5136.222
0,0,0,5137.44
0,0,0,5138.655
0,0,0,5139.872
0,0,0,5141.105
0,0,0,5142.325
0,0,0,5143.546
0,0,0,5144.761
0,0,0,5145.978
0,0,0,5147.192
0,0,0,5148.409
0,0,0,5149.627
0,0,0,5150.845
0,0,0,5152.062
0,0,0,5153.279
0,0,0,5154.496
0,0,0,5155.712
0,0,0,5156.928
0,0,0,5158.144
0,0,0,5159.365
0,0,0,5160.582
0,0,0,5161.804
0,0,0,5163.022
0,0,0,5164.238
0,0,0,5165.456
0,0,0,5166.679
0,0,0,5167.895
0,0,0,5169.112
0,0,0,5170.33
0,0,0,5171.547
0,0,0,5172.765
0,0,0,5173.982
0,0,0,5175.204
0,0,0,5176.421
0,0,0,5177.637
0,0,0,5178.852
0,0,0,5180.069
0,0,0,5181.285
0,0,0,5182.505
0,0,0,5183.723
0,0,0,5184.94
0,0,0,5186.158
0,0,0,5187.375
0,0,0,5188.591
0,0,0,5189.808
0,0,0,5191.027
0,0,0,5192.244
0,0,0,5193.465
0,0,0,5194.682
0,0,0,5195.901
0,0,0,5197.119
0,0,0,5198.341
0,0,0,5199.557
0,0,0,5200.774
0,0,0,5202.007
0,0,0,5203.227
0,0,0,5204.443
0,0,0,5205.659
0,0,0,5206.877
0,0,0,5208.094
0,0,0,5209.315
0,0,0,5210.533
0,0,0,5211.749
0,0,0,5212.964
0,0,0,5214.183
0,0,0,5215.401
0,0,0,5216.617
0,0,0,5217.833
0,0,0,5219.049
0,0,0,5220.266
0,0,0,5221.483
0,0,0,5222.703
0,0,0,5223.919
0,0,0,5225.133
0,0,0,5226.352
0,0,0,5227.567
0,0,0,5228.787
0,0,0,5230.001
0,0,0,5231.213
0,0,0,5232.427
0,0,0,5233.637
0,0,0,5234.845
0,0,0,5236.056
0,0,0,5237.267
0,0,0,5238.482
0,0,0,5239.694
0,0,0,5240.903
0,0,0,5242.115
0,0,0,5243.323
0,0,0,5244.533
0,0,0,5245.748
0,0,0,5246.957
0,0,0,5248.167
0,0,0,5249.38
0,0,0,5250.591
0,0,0,5251.803
0,0,0,5253.015
0,0,0,5254.231
0,0,0,5255.446
0,0,0,5256.661
0,0,0,5257.88
0,0,0,5259.092
0,0,0,5260.301
0,0,0,5261.534
0,0,0,5262.749
0,0,0,5263.96
0,0,0,5265.175
0,0,0,5266.393
0,0,0,5267.611
0,0,0,5268.829
0,0,0,5270.05
0,0,0,5271.261
0,0,0,5272.471
0,0,0,5273.685
0,0,0,5274.894
0,0,0,5276.104
0,0,0,5277.32
0,0,0,5278.529
0,0,0,5279.739
0,0,0,5280.949
0,0,0,5282.159
0,0,0,5283.368
0,0,0,5284.579
0,0,0,5285.79
0,0,0,5287.003
0,0,0,5288.216
0,0,0,5289.43
0,0,0,5290.642
0,0,0,5291.855
0,0,0,5293.072
0,0,0,5294.29
0,0,0,5295.509
0,0,0,5296.726
0,0,0,5297.943
0,0,0,5299.158
0,0,0,5300.375
0,0,0,5301.59
0,0,0,5302.806
0,0,0,5304.023
0,0,0,5305.238
0,0,0,5306.448
0,0,0,5307.66
0,0,0,5308.873
0,0,0,5310.084
0,0,0,5311.295
0,0,0,5312.507
0,0,0,5313.717
0,0,0,5314.928
0,0,0,5316.136
0,0,0,5317.35
0,0,0,5318.562
0,0,0,5319.773
0,0,0,5320.984
0,0,0,5322.212
0,0,0,5323.425
0,0,0,5324.647
0,0,0,5325.866
0,0,0,5327.084
0,0,0,5328.303
0,0,0,5329.523
0,0,0,5330.742
0,0,0,5331.962
0,0,0,5333.181
0,0,0,5334.398
0,0,0,5335.615
0,0,0,5336.83
0,0,0,5338.046
0,0,0,5339.262
0,0,0,5340.481
0,0,0,5341.698
0,0,0,5342.915
0,0,0,5344.131
0,0,0,5345.349
0,0,0,5346.564
0,0,0,5347.78
0,0,0,5348.994
0,0,0,5350.206
0,0,0,5351.415
0,0,0,5352.625
0,0,0,5353.838
0,0,0,5355.047
0,0,0,5356.261
0,0,0,5357.475
0,0,0,5358.685
0,0,0,5359.904
0,0,0,5361.124
0,0,0,5362.34
0,0,0,5363.556
0,0,0,5364.775
0,0,0,5365.992
0,0,0,5367.209
0,0,0,5368.426
0,0,0,5369.643
0,0,0,5370.859
0,0,0,5372.079
0,0,0,5373.297
0,0,0,5374.514
0,0,0,5375.732
0,0,0,5376.948
0,0,0,5378.164
0,0,0,5379.381
0,0,0,5380.597
0,0,0,5381.83
0,0,0,5383.049
0,0,0,5384.268
0,0,0,5385.482
0,0,0,5386.693
0,0,0,5387.907
0,0,0,5389.125
0,0,0,5390.342
0,0,0,5391.559
0,0,0,5392.777
0,0,0,5393.996
0,0,0,5395.219
0,0,0,5396.441
0,0,0,5397.661
0,0,0,5398.879
0,0,0,5400.098
0,0,0,5401.315
0,0,0,5402.53
0,0,0,5403.749
0,0,0,5404.966
0,0,0,5406.182
0,0,0,5407.413
0,0,0,5408.633
0,0,0,5409.851
0,0,0,5411.069
0,0,0,5412.283
0,0,0,5413.496
0,0,0,5414.708
0,0,0,5415.919
0,0,0,5417.129
0,0,0,5418.342
0,0,0,5419.557
0,0,0,5420.768
0,0,0,5421.978
0,0,0,5423.19
0,0,0,5424.4
0,0,0,5425.611
0,0,0,5426.825
0,0,0,5428.039
0,0,0,5429.251
0,0,0,5430.469
0,0,0,5431.686
0,0,0,5432.904
0,0,0,5434.119
0,0,0,5435.339
0,0,0,5436.556
0,0,0,5437.773
0,0,0,5438.988
0,0,0,5440.205
0,0,0,5441.44
0,0,0,5442.656
0,0,0,5443.869
0,0,0,5445.081
0,0,0,5446.293
0,0,0,5447.504
0,0,0,5448.714
0,0,0,5449.926
0,0,0,5451.14
0,0,0,5452.35
0,0,0,5453.564
0,0,0,5454.777
0,0,0,5455.989
0,0,0,5457.202
0,0,0,5458.421
0,0,0,5459.643
0,0,0,5460.86
0,0,0,5462.077
0,0,0,5463.292
0,0,0,5464.508
0,0,0,5465.72
0,0,0,5466.934
0,0,0,5468.146
0,0,0,5469.359
0,0,0,5470.571
0,0,0,5471.781
0,0,0,5472.991
0,0,0,5474.202
0,0,0,5475.417
0,0,0,5476.627
0,0,0,5477.838
0,0,0,5479.049
0,0,0,5480.259
0,0,0,5481.474
0,0,0,5482.687
0,0,0,5483.896
0,0,0,5485.106
0,0,0,5486.319
0,0,0,5487.53
0,0,0,5488.742
0,0,0,5489.952
0,0,0,5491.164
0,0,0,5492.375
0,0,0,5493.588
0,0,0,5494.8
0,0,0,5496.011
0,0,0,5497.222
0,0,0,5498.436
0,0,0,5499.646
0,0,0,5500.857
0,0,0,5502.087
0,0,0,5503.302
0,0,0,5504.513
0,0,0,5505.723
0,0,0,5506.937
0,0,0,5508.147
0,0,0,5509.359
0,0,0,5510.568
0,0,0,5511.777
0,0,0,5512.988
0,0,0,5514.202
0,0,0,5515.413
0,0,0,5516.625
0,0,0,5517.835
0,0,0,5519.045
0,0,0,5520.255
0,0,0,5521.468
0,0,0,5522.681
0,0,0,5523.894
0,0,0,5525.106
0,0,0,5526.318
0,0,0,5527.531
0,0,0,5528.746
0,0,0,5529.969
0,0,0,5531.189
0,0,0,5532.404
0,0,0,5533.62
0,0,0,5534.835
0,0,0,5536.052
0,0,0,5537.265
0,0,0,5538.478
0,0,0,5539.688
0,0,0,5540.899
0,0,0,5542.112
0,0,0,5543.324
0,0,0,5544.533
0,0,0,5545.745
0,0,0,5546.956
0,0,0,5548.166
0,0,0,5549.378
0,0,0,5550.588
0,0,0,5551.8
0,0,0,5553.01
0,0,0,5554.224
0,0,0,5555.435
0,0,0,5556.645
0,0,0,5557.854
0,0,0,5559.063
0,0,0,5560.273
0,0,0,5561.615
0,0,0,5562.843
0,0,0,5564.055
0,0,0,5565.271
0,0,0,5566.49
0,0,0,5567.705
0,0,0,5568.923
0,0,0,5570.143
0,0,0,5571.36
0,0,0,5572.575
0,0,0,5573.791
0,0,0,5575.008
0,0,0,5576.224
0,0,0,5577.445
0,0,0,5578.66
0,0,0,5579.871
0,0,0,5581.079
0,0,0,5582.29
0,0,0,5583.5
0,0,0,5584.71
0,0,0,5585.927
0,0,0,5587.137
0,0,0,5588.344
0,0,0,5589.555
0,0,0,5590.765
0,0,0,5591.976
0,0,0,5593.189
0,0,0,5594.401
0,0,0,5595.612
0,0,0,5596.824
0,0,0,5598.035
0,0,0,5599.248
0,0,0,5600.46
0,0,0,5601.677
0,0,0,5602.892
0,0,0,5604.107
0,0,0,5605.325
0,0,0,5606.534
0,0,0,5607.744
0,0,0,5608.957
0,0,0,5610.167
0,0,0,5611.377
0,0,0,5612.586
0,0,0,5613.796
0,0,0,5615.004
0,0,0,5616.214
0,0,0,5617.427
0,0,0,5618.638
0,0,0,5619.847
0,0,0,5621.057
0,0,0,5622.266
0,0,0,5623.477
0,0,0,5624.697
0,0,0,5625.915
0,0,0,5627.133
0,0,0,5628.35
0,0,0,5629.565
0,0,0,5630.78
0,0,0,5631.995
0,0,0,5633.214
0,0,0,5634.432
0,0,0,5635.65
0,0,0,5636.866
0,0,0,5638.082
0,0,0,5639.298
0,0,0,5640.516
0,0,0,5641.733
0,0,0,5642.949
0,0,0,5644.163
0,0,0,5645.374
0,0,0,5646.584
0,0,0,5647.794
0,0,0,5649.008
0,0,0,5650.22
0,0,0,5651.427
0,0,0,5652.638
0,0,0,5653.848
0,0,0,5655.056
0,0,0,5656.272
0,0,0,5657.484
0,0,0,5658.702
0,0,0,5659.919
0,0,0,5661.136
0,0,0,5662.354
0,0,0,5663.569
0,0,0,5664.787
0,0,0,5666.005
0,0,0,5667.225
0,0,0,5668.446
0,0,0,5669.67
0,0,0,5670.889
0,0,0,5672.102
0,0,0,5673.314
0,0,0,5674.526
0,0,0,5675.735
0,0,0,5676.943
0,0,0,5678.155
0,0,0,5679.365
0,0,0,5680.578
0,0,0,5681.788
0,0,0,5682.997
0,0,0,5684.205
0,0,0,5685.416
0,0,0,5686.626
0,0,0,5687.84
0,0,0,5689.049
0,0,0,5690.26
0,0,0,5691.469
0,0,0,5692.678
0,0,0,5693.892
0,0,0,5695.102
0,0,0,5696.319
0,0,0,5697.53
0,0,0,5698.739
0,0,0,5699.948
0,0,0,5701.159
0,0,0,5702.371
0,0,0,5703.583
0,0,0,5704.793
0,0,0,5706.004
0,0,0,5707.213
0,0,0,5708.425
0,0,0,5709.637
0,0,0,5710.845
0,0,0,5712.056
0,0,0,5713.266
0,0,0,5714.476
0,0,0,5715.685
0,0,0,5716.896
0,0,0,5718.106
0,0,0,5719.32
0,0,0,5720.527
0,0,0,5721.739
0,0,0,5722.949
0,0,0,5724.158
0,0,0,5725.37
0,0,0,5726.579
0,0,0,5727.792
0,0,0,5729.001
0,0,0,5730.212
0,0,0,5731.424
0,0,0,5732.634
0,0,0,5733.843
0,0,0,5735.055
0,0,0,5736.266
0,0,0,5737.479
0,0,0,5738.692
0,0,0,5739.902
0,0,0,5741.111
0,0,0,5742.32
0,0,0,5743.535
0,0,0,5744.745
0,0,0,5745.954
0,0,0,5747.17
0,0,0,5748.386
0,0,0,5749.604
0,0,0,5750.825
0,0,0,5752.04
0,0,0,5753.257
0,0,0,5754.474
0,0,0,5755.69
0,0,0,5756.906
0,0,0,5758.122
0,0,0,5759.341
0,0,0,5760.559
0,0,0,5761.775
0,0,0,5762.997
0,0,0,5764.221
0,0,0,5765.444
0,0,0,5766.672
0,0,0,5767.894
0,0,0,5769.116
0,0,0,5770.34
0,0,0,5771.562
0,0,0,5772.783
0,0,0,5774.007
0,0,0,5775.232
0,0,0,5776.447
0,0,0,5777.663
0,0,0,5778.879
0,0,0,5780.093
0,0,0,5781.312
0,0,0,5782.533
0,0,0,5783.75
0,0,0,5784.965
0,0,0,5786.185
0,0,0,5787.405
0,0,0,5788.621
0,0,0,5789.837
0,0,0,5791.056
0,0,0,5792.279
0,0,0,5793.503
0,0,0,5794.726
0,0,0,5795.948
0,0,0,5797.168
0,0,0,5798.398
0,0,0,5799.616
0,0,0,5800.832
0,0,0,5802.05
0,0,0,5803.272
0,0,0,5804.494
0,0,0,5805.717
0,0,0,5806.943
0,0,0,5808.166
0,0,0,5809.39
0,0,0,5810.613
0,0,0,5811.834
0,0,0,5813.056
0,0,0,5814.28
0,0,0,5815.502
0,0,0,5816.726
0,0,0,5817.948
0,0,0,5819.165
0,0,0,5820.382
0,0,0,5821.6
0,0,0,5822.819
0,0,0,5824.033
0,0,0,5825.256
0,0,0,5826.481
0,0,0,5827.702
0,0,0,5828.927
0,0,0,5830.152
0,0,0,5831.373
0,0,0,5832.594
0,0,0,5833.816
0,0,0,5835.037
0,0,0,5836.257
0,0,0,5837.472
0,0,0,5838.69
0,0,0,5839.906
0,0,0,5841.122
0,0,0,5842.338
0,0,0,5843.556
0,0,0,5844.772
0,0,0,5845.992
0,0,0,5847.208
0,0,0,5848.424
0,0,0,5849.641
0,0,0,5850.857
0,0,0,5852.071
0,0,0,5853.287
0,0,0,5854.505
0,0,0,5855.721
0,0,0,5856.939
0,0,0,5858.156
0,0,0,5859.371
0,0,0,5860.586
0,0,0,5861.803
0,0,0,5863.019
0,0,0,5864.235
0,0,0,5865.451
0,0,0,5866.666
0,0,0,5867.881
0,0,0,5869.096
0,0,0,5870.317
0,0,0,5871.532
0,0,0,5872.747
0,0,0,5873.964
0,0,0,5875.181
0,0,0,5876.396
0,0,0,5877.616
0,0,0,5878.832
0,0,0,5880.047
0,0,0,5881.262
0,0,0,5882.478
0,0,0,5883.693
0,0,0,5884.909
0,0,0,5886.127
0,0,0,5887.343
0,0,0,5888.557
0,0,0,5889.773
0,0,0,5890.989
0,0,0,5892.205
0,0,0,5893.427
0,0,0,5894.644
0,0,0,5895.862
0,0,0,5897.08
0,0,0,5898.297
0,0,0,5899.512
0,0,0,5900.726
0,0,0,5901.945
0,0,0,5903.162
0,0,0,5904.379
0,0,0,5905.595
0,0,0,5906.809
0,0,0,5908.026
0,0,0,5909.245
0,0,0,5910.46
0,0,0,5911.676
0,0,0,5912.892
0,0,0,5914.11
0,0,0,5915.324
0,0,0,5916.539
0,0,0,5917.757
0,0,0,5918.966
0,0,0,5920.176
0,0,0,5921.387
0,0,0,5922.602
0,0,0,5923.821
0,0,0,5925.037
0,0,0,5926.252
0,0,0,5927.468
0,0,0,5928.683
0,0,0,5929.902
0,0,0,5931.119
0,0,0,5932.335
0,0,0,5933.557
0,0,0,5934.771
0,0,0,5935.985
0,0,0,5937.2
0,0,0,5938.416
0,0,0,5939.634
0,0,0,5940.856
0,0,0,5942.073
0,0,0,5943.283
0,0,0,5944.494
0,0,0,5945.705
0,0,0,5946.914
0,0,0,5948.128
0,0,0,5949.344
0,0,0,5950.555
0,0,0,5951.766
0,0,0,5952.976
0,0,0,5954.187
0,0,0,5955.397
0,0,0,5956.609
0,0,0,5957.821
0,0,0,5959.029
0,0,0,5960.243
0,0,0,5961.462
0,0,0,5962.676
0,0,0,5963.892
0,0,0,5965.114
0,0,0,5966.333
0,0,0,5967.549
0,0,0,5968.765
0,0,0,5969.981
0,0,0,5971.197
0,0,0,5972.414
0,0,0,5973.631
0,0,0,5974.846
0,0,0,5976.062
0,0,0,5977.277
0,0,0,5978.492
0,0,0,5979.702
0,0,0,5980.916
0,0,0,5982.123
0,0,0,5983.333
0,0,0,5984.543
0,0,0,5985.753
0,0,0,5986.97
0,0,0,5988.187
0,0,0,5989.405
0,0,0,5990.621
0,0,0,5991.838
0,0,0,5993.053
0,0,0,5994.27
0,0,0,5995.49
0,0,0,5996.708
0,0,0,5997.925
0,0,0,5999.142
0,0,0,6000.357
0,0,0,6001.572
0,0,0,6002.788
0,0,0,6004.006
0,0,0,6005.221
0,0,0,6006.44
0,0,0,6007.654
0,0,0,6008.871
0,0,0,6010.091
0,0,0,6011.307
0,0,0,6012.526
0,0,0,6013.743
0,0,0,6014.958
0,0,0,6016.168
0,0,0,6017.381
0,0,0,6018.591
0,0,0,6019.804
0,0,0,6021.015
0,0,0,6022.227
0,0,0,6023.438
0,0,0,6024.65
0,0,0,6025.859
0,0,0,6027.07
0,0,0,6028.285
0,0,0,6029.498
0,0,0,6030.709
0,0,0,6031.92
0,0,0,6033.129
0,0,0,6034.34
0,0,0,6035.557
0,0,0,6036.768
0,0,0,6037.98
0,0,0,6039.19
0,0,0,6040.399
0,0,0,6041.608
0,0,0,6042.819
0,0,0,6044.032
0,0,0,6045.243
0,0,0,6046.454
0,0,0,6047.664
0,0,0,6048.873
0,0,0,6050.081
0,0,0,6051.293
0,0,0,6052.501
0,0,0,6053.709
0,0,0,6054.918
0,0,0,6056.126
0,0,0,6057.339
0,0,0,6058.547
0,0,0,6059.757
0,0,0,6060.968
0,0,0,6062.18
0,0,0,6063.392
0,0,0,6064.602
0,0,0,6065.812
0,0,0,6067.024
0,0,0,6068.247
0,0,0,6069.465
0,0,0,6070.679
0,0,0,6071.894
0,0,0,6073.11
0,0,0,6074.326
0,0,0,6075.543
0,0,0,6076.756
0,0,0,6077.967
0,0,0,6079.178
0,0,0,6080.385
0,0,0,6081.594
0,0,0,6082.805
0,0,0,6084.013
0,0,0,6085.222
0,0,0,6086.44
0,0,0,6087.649
0,0,0,6088.86
0,0,0,6090.071
0,0,0,6091.282
0,0,0,6092.491
0,0,0,6093.703
0,0,0,6094.911
0,0,0,6096.124
0,0,0,6097.337
0,0,0,6098.551
0,0,0,6099.762
0,0,0,6100.974
0,0,0,6102.183
0,0,0,6103.393
0,0,0,6104.604
0,0,0,6105.815
0,0,0,6107.027
0,0,0,6108.235
0,0,0,6109.446
0,0,0,6110.655
0,0,0,6111.864
0,0,0,6113.075
0,0,0,6114.289
0,0,0,6115.501
0,0,0,6116.711
0,0,0,6117.923
0,0,0,6119.134
0,0,0,6120.343
0,0,0,6121.558
0,0,0,6122.771
0,0,0,6123.983
0,0,0,6125.201
0,0,0,6126.419
0,0,0,6127.638
0,0,0,6128.853
0,0,0,6130.074
0,0,0,6131.29
0,0,0,6132.507
0,0,0,6133.723
0,0,0,6134.938
0,0,0,6136.153
0,0,0,6137.372
0,0,0,6138.592
0,0,0,6139.809
0,0,0,6141.024
0,0,0,6142.243
0,0,0,6143.458
0,0,0,6144.675
0,0,0,6145.893
0,0,0,6147.11
0,0,0,6148.322
0,0,0,6149.531
0,0,0,6150.741
0,0,0,6151.952
0,0,0,6153.164
0,0,0,6154.376
0,0,0,6155.585
0,0,0,6156.794
0,0,0,6158.012
0,0,0,6159.228
0,0,0,6160.444
0,0,0,6161.664
0,0,0,6162.882
0,0,0,6164.098
0,0,0,6165.324
0,0,0,6166.542
0,0,0,6167.758
0,0,0,6168.974
0,0,0,6170.194
0,0,0,6171.411
0,0,0,6172.627
0,0,0,6173.844
0,0,0,6175.059
0,0,0,6176.276
0,0,0,6177.495
0,0,0,6178.708
0,0,0,6179.925
0,0,0,6181.142
0,0,0,6182.358
0,0,0,6183.574
0,0,0,6184.789
0,0,0,6186.008
